entry_id,date,account,vendor,amount,preparer,is_manipulated
JE-003869,2025-01-01,판매비와관리비,거래처-033,146715,박전표,False
JE-001426,2025-01-01,미수금,거래처-033,481006,박전표,False
JE-003119,2025-01-01,매입,거래처-035,369853,박전표,False
JE-001223,2025-01-01,미수금,거래처-001,622699,이감사,False
JE-000013,2025-01-01,미수금,거래처-010,1521211,김회계,False
JE-002549,2025-01-01,매출원가,거래처-033,478425,최담당,False
JE-002021,2025-01-01,매입,거래처-025,172533,최담당,False
JE-001981,2025-01-01,매입,거래처-003,1311028,김회계,False
JE-000883,2025-01-02,미지급금,거래처-006,102793,김회계,False
JE-003381,2025-01-02,매출원가,거래처-025,2545633,김회계,False
JE-002742,2025-01-02,미수금,거래처-017,299567,김회계,False
JE-004042,2025-01-02,판매비와관리비,거래처-033,151303,최담당,False
JE-001483,2025-01-02,판매비와관리비,거래처-033,72681,박전표,False
JE-003217,2025-01-02,판매비와관리비,거래처-024,262445,김회계,False
JE-001809,2025-01-02,매출,거래처-006,2344412,김회계,False
JE-002938,2025-01-02,미지급금,거래처-025,308581,최담당,False
JE-001448,2025-01-02,미수금,거래처-036,260485,이감사,False
JE-001444,2025-01-02,미지급금,거래처-015,74995,김회계,False
JE-003448,2025-01-02,판매비와관리비,거래처-006,1307013,최담당,False
JE-001642,2025-01-02,매입,거래처-016,1046933,이감사,False
JE-000195,2025-01-03,판매비와관리비,거래처-013,455451,최담당,False
JE-000357,2025-01-03,매출,거래처-002,1129320,이감사,False
JE-003035,2025-01-03,매출원가,거래처-024,627578,김회계,False
JE-000446,2025-01-03,매입,거래처-012,2856685,박전표,False
JE-003578,2025-01-03,매출,거래처-007,1065685,박전표,False
JE-002813,2025-01-03,미수금,거래처-007,2111412,김회계,False
JE-001372,2025-01-03,매출,거래처-019,554421,이감사,False
JE-000303,2025-01-03,매출원가,거래처-014,1078942,김회계,False
JE-002951,2025-01-03,미수금,거래처-018,1737836,김회계,False
JE-001051,2025-01-03,미수금,거래처-033,128219,최담당,False
JE-003854,2025-01-03,판매비와관리비,거래처-031,547309,최담당,False
JE-003797,2025-01-03,미수금,거래처-023,102832,최담당,False
JE-002422,2025-01-03,매출,거래처-021,2477060,최담당,False
JE-003110,2025-01-04,판매비와관리비,거래처-038,2649179,박전표,False
JE-000151,2025-01-04,미지급금,거래처-022,1315860,박전표,False
JE-002982,2025-01-04,판매비와관리비,거래처-029,265790,이감사,False
JE-000821,2025-01-04,매출,거래처-035,846011,김회계,False
JE-003433,2025-01-04,매출,거래처-029,1303828,박전표,False
JE-001584,2025-01-04,미수금,거래처-038,491434,박전표,False
JE-002539,2025-01-04,매입,거래처-010,213727,김회계,False
JE-001101,2025-01-04,매입,거래처-002,119231,박전표,False
JE-002836,2025-01-04,매입,거래처-013,51235,최담당,False
JE-002105,2025-01-04,미지급금,거래처-001,7705623,박전표,False
JE-002470,2025-01-04,매입,거래처-025,3000000,김회계,True
JE-000886,2025-01-04,매출원가,거래처-014,572814,김회계,False
JE-002062,2025-01-04,미지급금,거래처-007,607881,최담당,False
JE-003961,2025-01-04,미수금,거래처-037,597153,최담당,False
JE-002944,2025-01-05,판매비와관리비,거래처-026,24670,최담당,False
JE-000763,2025-01-05,미지급금,거래처-018,604364,김회계,False
JE-001100,2025-01-05,매출,거래처-017,658680,이감사,False
JE-001846,2025-01-05,미수금,거래처-027,368205,최담당,False
JE-000075,2025-01-05,매입,거래처-031,602793,최담당,False
JE-003250,2025-01-05,매입,거래처-011,1523239,김회계,False
JE-003337,2025-01-05,매입,거래처-038,4877850,김회계,False
JE-003228,2025-01-05,미수금,거래처-027,548678,최담당,False
JE-002606,2025-01-05,판매비와관리비,거래처-009,379522,김회계,False
JE-002650,2025-01-05,미지급금,거래처-024,3026611,김회계,False
JE-002142,2025-01-05,매입,거래처-015,21106,김회계,False
JE-003666,2025-01-05,판매비와관리비,거래처-009,22446296,최담당,False
JE-001899,2025-01-06,미지급금,거래처-038,761113,최담당,False
JE-003231,2025-01-06,판매비와관리비,거래처-011,7780564,김회계,False
JE-004122,2025-01-06,미수금,거래처-037,201463,이감사,False
JE-003612,2025-01-06,매출원가,거래처-022,5904346,박전표,False
JE-000940,2025-01-06,매출,거래처-006,5235643,김회계,False
JE-004040,2025-01-06,미지급금,거래처-027,1205317,김회계,False
JE-003474,2025-01-06,미지급금,거래처-009,4521730,박전표,False
JE-003510,2025-01-06,판매비와관리비,거래처-025,694306,박전표,False
JE-003816,2025-01-06,판매비와관리비,거래처-039,1414190,최담당,False
JE-003697,2025-01-06,미수금,거래처-025,4098807,박전표,False
JE-000735,2025-01-06,매출원가,거래처-002,1394396,김회계,False
JE-000090,2025-01-06,판매비와관리비,거래처-033,81764,이감사,False
JE-002794,2025-01-06,매출원가,거래처-029,104292,김회계,False
JE-002216,2025-01-07,매입,거래처-027,500151,박전표,False
JE-002012,2025-01-07,매출,거래처-010,537086,최담당,False
JE-001768,2025-01-07,매입,거래처-039,47618,박전표,False
JE-003642,2025-01-07,매출원가,거래처-017,3540747,박전표,False
JE-000668,2025-01-07,판매비와관리비,거래처-036,1688265,김회계,False
JE-003827,2025-01-07,미수금,거래처-006,7249770,박전표,False
JE-003632,2025-01-07,매출,거래처-030,1295068,김회계,False
JE-000644,2025-01-07,매입,거래처-040,539601,김회계,False
JE-003020,2025-01-07,미지급금,거래처-005,599989,김회계,False
JE-001162,2025-01-07,판매비와관리비,거래처-031,93055,최담당,False
JE-001685,2025-01-07,매출원가,거래처-040,36481,박전표,False
JE-000034,2025-01-07,매출,거래처-024,699849,최담당,False
JE-001109,2025-01-07,미수금,거래처-029,1301561,박전표,False
JE-002953,2025-01-07,미수금,거래처-006,9996810,박전표,True
JE-000931,2025-01-08,판매비와관리비,거래처-039,4175544,박전표,False
JE-000280,2025-01-08,판매비와관리비,거래처-036,9998140,이감사,True
JE-000927,2025-01-08,매출,거래처-029,1075430,최담당,False
JE-000991,2025-01-08,매입,거래처-027,664335,박전표,False
JE-001534,2025-01-08,판매비와관리비,거래처-026,552010,최담당,False
JE-001138,2025-01-08,매입,거래처-017,4525780,최담당,False
JE-004056,2025-01-08,매출,거래처-022,500155,김회계,False
JE-002913,2025-01-08,미지급금,거래처-014,13342209,김회계,False
JE-000291,2025-01-08,매입,거래처-010,240188,김회계,False
JE-000764,2025-01-08,판매비와관리비,거래처-029,1919675,이감사,False
JE-003414,2025-01-08,매출,거래처-019,247661,최담당,False
JE-001962,2025-01-08,매입,거래처-026,69850,최담당,False
JE-000497,2025-01-08,미지급금,거래처-027,127072,이감사,False
JE-002884,2025-01-09,매출원가,거래처-005,1069433,이감사,False
JE-003701,2025-01-09,매출원가,거래처-005,307658,김회계,False
JE-004121,2025-01-09,매출원가,거래처-030,15319728,이감사,False
JE-000951,2025-01-09,매출,거래처-034,4973168,최담당,False
JE-001064,2025-01-09,미수금,거래처-005,2260190,이감사,False
JE-000588,2025-01-09,매출,거래처-008,544705,김회계,False
JE-003680,2025-01-09,매출,거래처-034,2821482,김회계,False
JE-002034,2025-01-09,판매비와관리비,거래처-012,1215361,최담당,False
JE-000916,2025-01-09,매출원가,거래처-009,267229,박전표,False
JE-000479,2025-01-09,판매비와관리비,거래처-023,123317,박전표,False
JE-002353,2025-01-09,매출,거래처-035,4182977,이감사,False
JE-002843,2025-01-09,미지급금,거래처-030,1172055,이감사,False
JE-003565,2025-01-09,미지급금,거래처-011,950577,이감사,False
JE-004009,2025-01-09,판매비와관리비,거래처-010,709801,김회계,False
JE-002670,2025-01-09,미수금,거래처-010,946385,이감사,False
JE-002408,2025-01-09,미지급금,거래처-013,3392830,박전표,False
JE-003105,2025-01-09,매입,거래처-035,442516,박전표,False
JE-003132,2025-01-09,미지급금,거래처-033,1543687,이감사,False
JE-001321,2025-01-09,매출원가,거래처-011,631270,이감사,False
JE-002649,2025-01-09,매출원가,거래처-010,401265,김회계,False
JE-001384,2025-01-10,미지급금,거래처-034,1564781,이감사,False
JE-002899,2025-01-10,판매비와관리비,거래처-024,2440660,이감사,False
JE-003719,2025-01-10,매입,거래처-006,69335,이감사,False
JE-003383,2025-01-10,미지급금,거래처-036,4280539,박전표,False
JE-000405,2025-01-10,매입,거래처-036,189076,박전표,False
JE-004128,2025-01-10,미수금,거래처-012,818520,이감사,False
JE-000586,2025-01-10,매출원가,거래처-031,820148,이감사,False
JE-003566,2025-01-10,미지급금,거래처-016,870638,박전표,False
JE-000220,2025-01-10,매출원가,거래처-028,4804655,이감사,False
JE-001959,2025-01-10,미수금,거래처-021,223820,최담당,False
JE-001124,2025-01-10,매입,거래처-001,659679,박전표,False
JE-002990,2025-01-10,매입,거래처-014,33004803,박전표,False
JE-002163,2025-01-10,미지급금,거래처-037,1585619,김회계,False
JE-002815,2025-01-10,판매비와관리비,거래처-008,446540,최담당,False
JE-000256,2025-01-11,매출,거래처-023,202280,최담당,False
JE-002440,2025-01-11,매출원가,거래처-020,893576,최담당,False
JE-000440,2025-01-11,매출,거래처-033,278076,최담당,False
JE-002594,2025-01-11,매출원가,거래처-022,198506,박전표,False
JE-001715,2025-01-11,미수금,거래처-026,4448862,최담당,False
JE-000564,2025-01-11,매입,거래처-034,497133,이감사,False
JE-003959,2025-01-11,매출원가,거래처-027,1574101,김회계,False
JE-001467,2025-01-11,미수금,거래처-033,618108,최담당,False
JE-004006,2025-01-11,미지급금,거래처-038,1502784,최담당,False
JE-002092,2025-01-11,매출원가,거래처-016,866839,김회계,False
JE-001107,2025-01-11,매출,거래처-028,369669,김회계,False
JE-001360,2025-01-12,매출원가,거래처-008,678139,이감사,False
JE-004109,2025-01-12,미수금,거래처-008,122833,김회계,False
JE-003905,2025-01-12,매입,거래처-025,663410,이감사,False
JE-001233,2025-01-12,매입,거래처-029,606502,김회계,False
JE-002577,2025-01-12,판매비와관리비,거래처-006,183559,최담당,False
JE-001571,2025-01-12,매출원가,거래처-009,1309007,박전표,False
JE-003971,2025-01-12,매출원가,거래처-002,251677,김회계,False
JE-003329,2025-01-12,미수금,거래처-021,591360,이감사,False
JE-003929,2025-01-12,매출원가,거래처-012,377520,박전표,False
JE-001333,2025-01-12,판매비와관리비,거래처-037,43665,박전표,False
JE-000970,2025-01-12,미지급금,거래처-016,90845,이감사,False
JE-002434,2025-01-12,매입,거래처-015,1846188,이감사,False
JE-000546,2025-01-12,매출,거래처-035,76098,김회계,False
JE-000628,2025-01-12,판매비와관리비,거래처-019,237483,이감사,False
JE-001693,2025-01-13,매출,거래처-012,2151264,이감사,False
JE-000729,2025-01-13,매출,거래처-032,170349,박전표,False
JE-003304,2025-01-13,매출원가,거래처-018,8259447,최담당,False
JE-002872,2025-01-13,미지급금,거래처-022,1124419,이감사,False
JE-001858,2025-01-13,미지급금,거래처-017,1550082,최담당,False
JE-004069,2025-01-13,미지급금,거래처-022,363844,최담당,False
JE-002064,2025-01-13,미수금,거래처-002,310633,김회계,False
JE-004134,2025-01-13,미수금,거래처-014,2452069,이감사,False
JE-003369,2025-01-13,매출원가,거래처-032,336230,김회계,False
JE-003166,2025-01-13,판매비와관리비,거래처-036,519970,박전표,False
JE-002319,2025-01-13,매입,거래처-013,680774,이감사,False
JE-000142,2025-01-13,매출원가,거래처-007,116433,김회계,False
JE-003339,2025-01-13,미수금,거래처-009,86374,최담당,False
JE-001156,2025-01-13,매출원가,거래처-029,285899,박전표,False
JE-000322,2025-01-14,매입,거래처-023,2540297,최담당,False
JE-003004,2025-01-14,매입,거래처-017,1689855,김회계,False
JE-003268,2025-01-14,미지급금,거래처-022,149377,김회계,False
JE-001704,2025-01-14,판매비와관리비,거래처-030,638248,이감사,False
JE-003015,2025-01-14,매입,거래처-013,357285,이감사,False
JE-003428,2025-01-14,매출,거래처-040,4307858,박전표,False
JE-001708,2025-01-14,미수금,거래처-023,33743,박전표,False
JE-003731,2025-01-14,판매비와관리비,거래처-040,9518743,김회계,False
JE-002450,2025-01-14,매입,거래처-029,274812,김회계,False
JE-000996,2025-01-14,미수금,거래처-005,1733771,박전표,False
JE-000595,2025-01-14,판매비와관리비,거래처-014,308034,최담당,False
JE-001085,2025-01-14,매출,거래처-013,327559,최담당,False
JE-002158,2025-01-14,매입,거래처-038,176255,최담당,False
JE-003956,2025-01-14,미지급금,거래처-018,3000000,박전표,True
JE-001430,2025-01-14,매입,거래처-005,140095,박전표,False
JE-000653,2025-01-14,미수금,거래처-021,2585121,최담당,False
JE-002084,2025-01-14,매입,거래처-031,172571,이감사,False
JE-001152,2025-01-14,판매비와관리비,거래처-001,442578,최담당,False
JE-003294,2025-01-14,매출,거래처-029,2847799,김회계,False
JE-002593,2025-01-14,매입,거래처-030,1231641,박전표,False
JE-001259,2025-01-15,판매비와관리비,거래처-030,3908553,최담당,False
JE-003391,2025-01-15,매출,거래처-007,1147971,최담당,False
JE-001132,2025-01-15,미지급금,거래처-003,409203,최담당,False
JE-000904,2025-01-15,매출원가,거래처-018,347291,이감사,False
JE-000877,2025-01-15,매출원가,거래처-010,356712,이감사,False
JE-003367,2025-01-15,매출원가,거래처-004,417871,최담당,False
JE-001660,2025-01-15,매입,거래처-020,8993364,이감사,False
JE-000367,2025-01-15,매입,거래처-037,1104452,이감사,False
JE-001675,2025-01-15,매출원가,거래처-003,246134,김회계,False
JE-001954,2025-01-15,매출원가,거래처-018,1230523,최담당,False
JE-003940,2025-01-15,판매비와관리비,거래처-034,228579,박전표,False
JE-002202,2025-01-15,미수금,거래처-016,969122,이감사,False
JE-003698,2025-01-15,매입,거래처-024,2528955,박전표,False
JE-000060,2025-01-15,매출원가,거래처-015,11569342,이감사,False
JE-003135,2025-01-16,매출원가,거래처-007,13460747,최담당,False
JE-001354,2025-01-16,매입,거래처-014,723463,최담당,False
JE-001695,2025-01-16,미수금,거래처-018,154471,최담당,False
JE-000694,2025-01-16,매출,거래처-026,16376476,최담당,False
JE-001891,2025-01-16,매출원가,거래처-014,348003,최담당,False
JE-001828,2025-01-16,매출,거래처-005,1292012,박전표,False
JE-002546,2025-01-17,판매비와관리비,거래처-020,249698,박전표,False
JE-001019,2025-01-17,미지급금,거래처-039,118028,김회계,False
JE-002141,2025-01-17,매출,거래처-035,1601296,박전표,False
JE-002026,2025-01-17,미수금,거래처-020,1769709,이감사,False
JE-002227,2025-01-17,매출,거래처-031,312641,최담당,False
JE-002474,2025-01-17,판매비와관리비,거래처-004,1158071,이감사,False
JE-000163,2025-01-17,매입,거래처-003,2156454,이감사,False
JE-002336,2025-01-17,매출원가,거래처-022,2047288,이감사,False
JE-001650,2025-01-17,매출,거래처-016,9995454,최담당,True
JE-001548,2025-01-17,매출원가,거래처-024,1097276,최담당,False
JE-001332,2025-01-17,매출,거래처-025,6765275,이감사,False
JE-001462,2025-01-17,매출원가,거래처-019,719064,최담당,False
JE-004031,2025-01-17,판매비와관리비,거래처-031,7848791,김회계,False
JE-001383,2025-01-17,매출원가,거래처-024,139827,최담당,False
JE-000463,2025-01-18,판매비와관리비,거래처-017,223055,이감사,False
JE-002886,2025-01-18,미수금,거래처-033,25824592,최담당,False
JE-001209,2025-01-18,매출원가,거래처-015,2367093,이감사,False
JE-001670,2025-01-18,매출원가,거래처-004,1585057,최담당,False
JE-003203,2025-01-18,미수금,거래처-003,9995827,박전표,True
JE-000841,2025-01-18,매출,거래처-017,900764,박전표,False
JE-000593,2025-01-18,미수금,거래처-016,828586,최담당,False
JE-000366,2025-01-18,매입,거래처-020,5627463,최담당,False
JE-001706,2025-01-18,매입,거래처-009,134588,이감사,False
JE-000984,2025-01-18,매입,거래처-033,69754,박전표,False
JE-003604,2025-01-18,판매비와관리비,거래처-035,259945,김회계,False
JE-003706,2025-01-18,미수금,거래처-006,147733,이감사,False
JE-003725,2025-01-18,매출원가,거래처-038,2344836,이감사,False
JE-000514,2025-01-19,미수금,거래처-007,80523,김회계,False
JE-001822,2025-01-19,매입,거래처-007,3907173,김회계,False
JE-002651,2025-01-19,판매비와관리비,거래처-009,767867,이감사,False
JE-000471,2025-01-19,판매비와관리비,거래처-008,296098,이감사,False
JE-002948,2025-01-19,매입,거래처-002,1371887,최담당,False
JE-001787,2025-01-19,매입,거래처-039,2298478,박전표,False
JE-003155,2025-01-19,매입,거래처-006,1046431,최담당,False
JE-001236,2025-01-20,판매비와관리비,거래처-039,5913007,이감사,False
JE-001302,2025-01-20,매출원가,거래처-029,392205,박전표,False
JE-001078,2025-01-20,판매비와관리비,거래처-025,69224,김회계,False
JE-002451,2025-01-20,매출원가,거래처-024,460555,이감사,False
JE-003002,2025-01-20,매출원가,거래처-003,59759,박전표,False
JE-001493,2025-01-20,판매비와관리비,거래처-030,151591,김회계,False
JE-000639,2025-01-20,판매비와관리비,거래처-007,8917702,이감사,False
JE-003845,2025-01-20,미지급금,거래처-003,2382136,박전표,False
JE-001047,2025-01-20,미지급금,거래처-022,216033,박전표,False
JE-000483,2025-01-20,매출,거래처-030,17264,김회계,False
JE-001203,2025-01-21,매출,거래처-002,38068378,이감사,False
JE-001397,2025-01-21,매출원가,거래처-028,5100106,김회계,False
JE-003237,2025-01-21,미수금,거래처-020,16136751,김회계,False
JE-001941,2025-01-21,매출,거래처-016,3514414,김회계,False
JE-003899,2025-01-21,매입,거래처-038,1954348,김회계,False
JE-001544,2025-01-21,미지급금,거래처-016,2704876,김회계,False
JE-003387,2025-01-21,판매비와관리비,거래처-028,11012469,박전표,False
JE-002790,2025-01-21,미수금,거래처-040,1022114,김회계,False
JE-003592,2025-01-22,미수금,거래처-029,1040459,김회계,False
JE-001174,2025-01-22,매입,거래처-037,633784,최담당,False
JE-001859,2025-01-22,미지급금,거래처-025,607595,이감사,False
JE-000922,2025-01-22,판매비와관리비,거래처-030,93132,박전표,False
JE-002433,2025-01-22,미지급금,거래처-015,625379,박전표,False
JE-000993,2025-01-22,매입,거래처-018,962040,최담당,False
JE-002908,2025-01-22,매출,거래처-034,408037,김회계,False
JE-001721,2025-01-22,매입,거래처-013,397322,박전표,False
JE-000977,2025-01-22,판매비와관리비,거래처-013,130354,이감사,False
JE-000282,2025-01-23,매출,거래처-038,3221234,박전표,False
JE-000079,2025-01-23,매출원가,거래처-004,25207300,박전표,False
JE-000159,2025-01-23,미수금,거래처-008,741579,김회계,False
JE-003150,2025-01-23,매입,거래처-007,510673,김회계,False
JE-002741,2025-01-23,매출원가,거래처-018,3449053,김회계,False
JE-000178,2025-01-23,매입,거래처-003,1068495,김회계,False
JE-002383,2025-01-23,매출원가,거래처-036,1953116,김회계,False
JE-000704,2025-01-23,매출원가,거래처-034,2026894,김회계,False
JE-000719,2025-01-23,판매비와관리비,거래처-030,921263,이감사,False
JE-003978,2025-01-23,판매비와관리비,거래처-006,920810,이감사,False
JE-003613,2025-01-24,매출,거래처-009,148759,최담당,False
JE-002514,2025-01-24,미수금,거래처-003,4659037,박전표,False
JE-002927,2025-01-24,미수금,거래처-032,6710529,최담당,False
JE-002597,2025-01-24,매입,거래처-009,41824,김회계,False
JE-001245,2025-01-24,미지급금,거래처-020,3048249,이감사,False
JE-004043,2025-01-24,미지급금,거래처-021,772141,이감사,False
JE-002135,2025-01-24,미지급금,거래처-009,615450,박전표,False
JE-001167,2025-01-24,미지급금,거래처-014,10765033,이감사,False
JE-000338,2025-01-25,매입,거래처-011,1739393,최담당,False
JE-003681,2025-01-25,미지급금,거래처-010,2797823,박전표,False
JE-003502,2025-01-25,매출원가,거래처-018,363245,김회계,False
JE-000321,2025-01-25,매입,거래처-005,2454331,김회계,False
JE-003293,2025-01-25,판매비와관리비,거래처-008,515266,최담당,False
JE-000383,2025-01-25,매입,거래처-037,76798,최담당,False
JE-002528,2025-01-25,미수금,거래처-033,12631068,박전표,False
JE-002222,2025-01-25,미수금,거래처-006,428520,박전표,False
JE-003837,2025-01-26,매입,거래처-020,155130,박전표,False
JE-001817,2025-01-26,미지급금,거래처-013,35344,최담당,False
JE-000698,2025-01-26,매출원가,거래처-026,50675,이감사,False
JE-003032,2025-01-26,매출,거래처-009,407134,최담당,False
JE-002460,2025-01-26,매출원가,거래처-029,205245,박전표,False
JE-000076,2025-01-26,미수금,거래처-030,750173,김회계,False
JE-001420,2025-01-26,매출원가,거래처-031,5378997,최담당,False
JE-004094,2025-01-26,판매비와관리비,거래처-036,288629,박전표,False
JE-003179,2025-01-26,매입,거래처-029,24936,박전표,False
JE-001637,2025-01-26,매입,거래처-035,168835,최담당,False
JE-003928,2025-01-26,판매비와관리비,거래처-005,4905309,김회계,False
JE-002447,2025-01-27,매출원가,거래처-015,977412,김회계,False
JE-001074,2025-01-27,미지급금,거래처-037,2585139,최담당,False
JE-003222,2025-01-27,매출원가,거래처-024,168499,박전표,False
JE-000565,2025-01-27,매입,거래처-009,28081249,김회계,False
JE-003798,2025-01-27,매출,거래처-038,1393421,이감사,False
JE-001836,2025-01-27,판매비와관리비,거래처-025,1065674,박전표,False
JE-001814,2025-01-27,매입,거래처-011,3553112,박전표,False
JE-002738,2025-01-27,매출원가,거래처-021,109173,박전표,False
JE-000062,2025-01-28,매출,거래처-017,264361,이감사,False
JE-001097,2025-01-28,판매비와관리비,거래처-024,227173,이감사,False
JE-001747,2025-01-28,미지급금,거래처-016,2185157,이감사,False
JE-003422,2025-01-28,판매비와관리비,거래처-003,1139069,김회계,False
JE-000952,2025-01-28,매출,거래처-024,8066634,김회계,False
JE-003281,2025-01-28,매입,거래처-009,2000000,이감사,True
JE-003976,2025-01-28,판매비와관리비,거래처-016,1775727,김회계,False
JE-002301,2025-01-28,미지급금,거래처-016,2694818,박전표,False
JE-002382,2025-01-29,매출원가,거래처-010,1899983,이감사,False
JE-003141,2025-01-29,매출,거래처-034,228804,이감사,False
JE-000705,2025-01-29,매출원가,거래처-004,118293,김회계,False
JE-002117,2025-01-29,미수금,거래처-007,530656,최담당,False
JE-002863,2025-01-29,미수금,거래처-031,399606,최담당,False
JE-000547,2025-01-29,미수금,거래처-011,137164,박전표,False
JE-001732,2025-01-29,판매비와관리비,거래처-014,1863479,김회계,False
JE-001512,2025-01-29,판매비와관리비,거래처-017,177527,최담당,False
JE-003491,2025-01-29,매출원가,거래처-026,1232302,최담당,False
JE-003903,2025-01-29,매출,거래처-008,727181,김회계,False
JE-001800,2025-01-29,매입,거래처-001,147917,김회계,False
JE-004011,2025-01-29,미지급금,거래처-039,346200,김회계,False
JE-000148,2025-01-29,매출원가,거래처-021,2330882,박전표,False
JE-002145,2025-01-29,매출원가,거래처-021,353097,박전표,False
JE-002732,2025-01-30,판매비와관리비,거래처-008,1964146,이감사,False
JE-003623,2025-01-30,미수금,거래처-028,762864,이감사,False
JE-001802,2025-01-30,매출,거래처-039,14791,박전표,False
JE-002617,2025-01-30,미수금,거래처-004,9996485,최담당,True
JE-003766,2025-01-30,매입,거래처-009,88705,이감사,False
JE-002226,2025-01-30,미지급금,거래처-006,3024853,김회계,False
JE-000614,2025-01-30,미수금,거래처-019,289921,이감사,False
JE-000254,2025-01-30,미지급금,거래처-018,803408,최담당,False
JE-000006,2025-01-30,매출원가,거래처-034,527201,박전표,False
JE-003734,2025-01-30,판매비와관리비,거래처-021,186753,김회계,False
JE-000652,2025-01-30,미지급금,거래처-031,351919,최담당,False
JE-000504,2025-01-30,매입,거래처-012,3433851,박전표,False
JE-003500,2025-01-30,매입,거래처-029,58967,박전표,False
JE-001334,2025-01-31,미지급금,거래처-011,1782769,최담당,False
JE-003752,2025-01-31,매입,거래처-003,1675223,박전표,False
JE-001699,2025-01-31,판매비와관리비,거래처-001,224762,최담당,False
JE-004140,2025-01-31,매입,거래처-030,5158034,이감사,False
JE-002029,2025-01-31,미지급금,거래처-006,684518,김회계,False
JE-003292,2025-01-31,미지급금,거래처-014,144728,이감사,False
JE-002475,2025-01-31,판매비와관리비,거래처-032,179567,김회계,False
JE-001242,2025-01-31,매출,거래처-040,2373853,김회계,False
JE-003526,2025-01-31,미지급금,거래처-015,57527,이감사,False
JE-003904,2025-01-31,매출,거래처-035,834318,최담당,False
JE-003192,2025-02-01,판매비와관리비,거래처-023,157144,김회계,False
JE-001080,2025-02-01,미수금,거래처-030,575552,이감사,False
JE-000515,2025-02-01,미지급금,거래처-002,899588,김회계,False
JE-001976,2025-02-01,미지급금,거래처-038,1061669,박전표,False
JE-001830,2025-02-01,매입,거래처-029,182530,최담당,False
JE-001720,2025-02-01,매출,거래처-014,2131053,김회계,False
JE-001015,2025-02-01,판매비와관리비,거래처-019,379619,최담당,False
JE-001889,2025-02-01,판매비와관리비,거래처-003,33119,최담당,False
JE-000037,2025-02-01,판매비와관리비,거래처-027,590449,이감사,False
JE-003378,2025-02-02,매출,거래처-008,4810576,최담당,False
JE-001232,2025-02-02,판매비와관리비,거래처-019,703908,박전표,False
JE-003330,2025-02-02,매출,거래처-010,12806171,박전표,False
JE-000825,2025-02-02,매입,거래처-032,361081,박전표,False
JE-002781,2025-02-02,판매비와관리비,거래처-015,21721855,최담당,False
JE-003986,2025-02-02,미지급금,거래처-021,249241,김회계,False
JE-004046,2025-02-02,매출원가,거래처-019,1720413,김회계,False
JE-001497,2025-02-02,매입,거래처-030,45035,이감사,False
JE-000938,2025-02-02,매출원가,거래처-008,1091395,김회계,False
JE-003617,2025-02-02,매출,거래처-030,77941,최담당,False
JE-001617,2025-02-02,미수금,거래처-019,170320,이감사,False
JE-002614,2025-02-02,매출,거래처-039,1687402,박전표,False
JE-000352,2025-02-02,매출,거래처-004,694404,김회계,False
JE-003685,2025-02-02,미지급금,거래처-028,3901405,박전표,False
JE-004053,2025-02-02,매출원가,거래처-034,1375398,최담당,False
JE-003594,2025-02-02,매입,거래처-013,20413,이감사,False
JE-001429,2025-02-03,매출,거래처-032,10665787,이감사,False
JE-004123,2025-02-03,매출원가,거래처-009,517971,박전표,False
JE-002251,2025-02-03,미수금,거래처-006,398292,김회계,False
JE-001495,2025-02-03,미지급금,거래처-028,297951,이감사,False
JE-000683,2025-02-03,판매비와관리비,거래처-015,41826,김회계,False
JE-001680,2025-02-03,매입,거래처-021,4901055,이감사,False
JE-000092,2025-02-03,미지급금,거래처-021,16184586,최담당,False
JE-004018,2025-02-03,미수금,거래처-028,1009960,이감사,False
JE-004022,2025-02-03,매출,거래처-002,1146402,이감사,False
JE-003388,2025-02-03,미지급금,거래처-018,136553,최담당,False
JE-002855,2025-02-03,미지급금,거래처-037,655317,박전표,False
JE-000239,2025-02-04,미수금,거래처-023,358400,박전표,False
JE-000414,2025-02-04,판매비와관리비,거래처-020,1761153,이감사,False
JE-002791,2025-02-04,미지급금,거래처-019,366322,김회계,False
JE-001937,2025-02-04,미지급금,거래처-035,1983432,박전표,False
JE-001550,2025-02-04,미수금,거래처-021,5078944,이감사,False
JE-002628,2025-02-04,미수금,거래처-035,620794,김회계,False
JE-002586,2025-02-04,판매비와관리비,거래처-011,136536,최담당,False
JE-000777,2025-02-04,판매비와관리비,거래처-018,121262,이감사,False
JE-000828,2025-02-05,매출,거래처-040,844443,김회계,False
JE-002072,2025-02-05,매출원가,거래처-029,134397,최담당,False
JE-000791,2025-02-05,매출,거래처-024,32794,김회계,False
JE-002102,2025-02-05,매출,거래처-021,2095232,이감사,False
JE-001998,2025-02-06,미지급금,거래처-011,382674,이감사,False
JE-001978,2025-02-06,미수금,거래처-032,71367,이감사,False
JE-002570,2025-02-06,매입,거래처-025,3476632,최담당,False
JE-000001,2025-02-06,미지급금,거래처-024,1130474,김회계,False
JE-000040,2025-02-06,미수금,거래처-013,710029,최담당,False
JE-001176,2025-02-06,미수금,거래처-019,1135136,박전표,False
JE-003488,2025-02-06,미수금,거래처-036,123025,박전표,False
JE-000858,2025-02-07,판매비와관리비,거래처-040,1119551,김회계,False
JE-003493,2025-02-07,미지급금,거래처-023,1043768,최담당,False
JE-001154,2025-02-07,매출,거래처-002,7135025,김회계,False
JE-000025,2025-02-07,매입,거래처-038,1119439,김회계,False
JE-003475,2025-02-07,매입,거래처-012,1878099,최담당,False
JE-001737,2025-02-07,판매비와관리비,거래처-037,719817,김회계,False
JE-002131,2025-02-07,매출,거래처-031,2055683,최담당,False
JE-001716,2025-02-07,매출원가,거래처-018,1448943,박전표,False
JE-000434,2025-02-07,매입,거래처-017,2034143,최담당,False
JE-001869,2025-02-08,매출,거래처-013,29377836,이감사,False
JE-001197,2025-02-08,매입,거래처-014,62782,김회계,False
JE-002521,2025-02-08,미수금,거래처-029,4898743,최담당,False
JE-003340,2025-02-08,매출,거래처-021,56184,박전표,False
JE-000793,2025-02-08,매출,거래처-034,7225617,최담당,False
JE-002991,2025-02-08,미수금,거래처-036,968820,최담당,False
JE-002136,2025-02-08,매입,거래처-004,5288560,이감사,False
JE-000403,2025-02-08,미수금,거래처-003,1291085,이감사,False
JE-002912,2025-02-08,판매비와관리비,거래처-029,174729,박전표,False
JE-002627,2025-02-09,매출,거래처-018,470529,최담당,False
JE-003221,2025-02-09,미수금,거래처-024,306445,이감사,False
JE-002717,2025-02-09,매출원가,거래처-016,3623440,박전표,False
JE-001641,2025-02-09,미지급금,거래처-006,8563,박전표,False
JE-001028,2025-02-09,매입,거래처-013,170604,이감사,False
JE-002398,2025-02-09,매출원가,거래처-018,9996449,김회계,True
JE-002536,2025-02-09,매입,거래처-019,238497,이감사,False
JE-003484,2025-02-09,매입,거래처-001,3971911,김회계,False
JE-002550,2025-02-09,매출원가,거래처-036,430617,김회계,False
JE-003114,2025-02-09,미지급금,거래처-024,4667567,최담당,False
JE-000939,2025-02-09,매출,거래처-025,1347017,박전표,False
JE-003948,2025-02-09,매입,거래처-029,18277737,최담당,False
JE-001560,2025-02-09,매출원가,거래처-011,6649461,김회계,False
JE-004033,2025-02-10,매입,거래처-012,213338,김회계,False
JE-001349,2025-02-10,판매비와관리비,거래처-008,400348,최담당,False
JE-003412,2025-02-10,판매비와관리비,거래처-020,7681974,김회계,False
JE-003408,2025-02-10,매출,거래처-022,678750,김회계,False
JE-002518,2025-02-10,매출,거래처-005,211159,박전표,False
JE-002423,2025-02-10,매출,거래처-016,198385,박전표,False
JE-002849,2025-02-10,매입,거래처-026,3158123,이감사,False
JE-003025,2025-02-10,매출원가,거래처-030,25066063,박전표,False
JE-001013,2025-02-10,미지급금,거래처-017,9075456,최담당,False
JE-003029,2025-02-10,매출,거래처-006,403069,김회계,False
JE-001049,2025-02-11,미수금,거래처-033,1457380,박전표,False
JE-001092,2025-02-11,미수금,거래처-002,36546960,박전표,False
JE-000032,2025-02-11,매입,거래처-001,812677,김회계,False
JE-003181,2025-02-11,미지급금,거래처-019,1018498,김회계,False
JE-002337,2025-02-11,매출원가,거래처-005,1663870,박전표,False
JE-003351,2025-02-11,매출,거래처-025,167979,김회계,False
JE-000869,2025-02-11,매입,거래처-004,20160,박전표,False
JE-000556,2025-02-11,매출,거래처-032,70554885,박전표,False
JE-002322,2025-02-11,판매비와관리비,거래처-011,60173,김회계,False
JE-002664,2025-02-11,미수금,거래처-025,14694023,이감사,False
JE-002734,2025-02-11,매출,거래처-007,929559,이감사,False
JE-003930,2025-02-12,매입,거래처-026,329470,이감사,False
JE-000109,2025-02-12,미지급금,거래처-027,627548,최담당,False
JE-000660,2025-02-12,매입,거래처-033,1130405,이감사,False
JE-000527,2025-02-12,판매비와관리비,거래처-010,76141764,최담당,False
JE-003835,2025-02-12,판매비와관리비,거래처-028,3953916,김회계,False
JE-000305,2025-02-12,매입,거래처-028,808830,이감사,False
JE-002930,2025-02-12,미수금,거래처-001,80835,김회계,False
JE-002691,2025-02-12,판매비와관리비,거래처-009,380860,김회계,False
JE-004146,2025-02-12,미지급금,거래처-003,2446079,이감사,False
JE-000128,2025-02-12,미지급금,거래처-030,27238,박전표,False
JE-002667,2025-02-12,매출원가,거래처-021,1852874,이감사,False
JE-000786,2025-02-12,매출,거래처-029,40953935,김회계,False
JE-004117,2025-02-12,미지급금,거래처-027,287577,최담당,False
JE-001221,2025-02-12,판매비와관리비,거래처-026,3491174,최담당,False
JE-001465,2025-02-13,매출원가,거래처-025,2127,이감사,False
JE-003259,2025-02-13,미수금,거래처-006,8643961,김회계,False
JE-003718,2025-02-13,매출원가,거래처-038,132832,최담당,False
JE-001644,2025-02-13,판매비와관리비,거래처-023,18538762,김회계,False
JE-003743,2025-02-13,판매비와관리비,거래처-032,813386,이감사,False
JE-003965,2025-02-13,미수금,거래처-017,7261397,최담당,False
JE-001077,2025-02-13,미수금,거래처-004,681379,김회계,False
JE-001942,2025-02-13,판매비와관리비,거래처-024,1583946,이감사,False
JE-002563,2025-02-13,미수금,거래처-036,23165,김회계,False
JE-001405,2025-02-13,판매비와관리비,거래처-032,94540,최담당,False
JE-000721,2025-02-13,미지급금,거래처-005,131214,이감사,False
JE-002685,2025-02-13,매입,거래처-021,377211,최담당,False
JE-001486,2025-02-14,미지급금,거래처-026,1490554,김회계,False
JE-003944,2025-02-14,매입,거래처-018,876677,이감사,False
JE-002089,2025-02-15,매출,거래처-040,238367,최담당,False
JE-001703,2025-02-15,매출,거래처-025,40256,김회계,False
JE-000082,2025-02-15,판매비와관리비,거래처-038,244520,박전표,False
JE-000061,2025-02-15,판매비와관리비,거래처-005,7201203,박전표,False
JE-002388,2025-02-15,미지급금,거래처-009,123737,최담당,False
JE-000019,2025-02-15,미수금,거래처-035,1825528,김회계,False
JE-002121,2025-02-15,미수금,거래처-037,2226589,이감사,False
JE-001076,2025-02-15,미수금,거래처-040,2419645,박전표,False
JE-000270,2025-02-15,미수금,거래처-008,13180688,이감사,False
JE-000576,2025-02-15,매입,거래처-035,364699,김회계,False
JE-003409,2025-02-15,매출,거래처-027,7331478,이감사,False
JE-001002,2025-02-15,매출원가,거래처-021,1831919,최담당,False
JE-003323,2025-02-16,매출원가,거래처-006,437762,이감사,False
JE-000632,2025-02-16,미수금,거래처-036,5049619,최담당,False
JE-003365,2025-02-16,판매비와관리비,거래처-002,791613,김회계,False
JE-003301,2025-02-16,매출,거래처-027,174283,박전표,False
JE-001712,2025-02-16,판매비와관리비,거래처-024,9997019,김회계,True
JE-000727,2025-02-16,매출원가,거래처-007,94202,박전표,False
JE-002085,2025-02-16,미수금,거래처-018,6115499,이감사,False
JE-002181,2025-02-16,매출원가,거래처-029,62998,이감사,False
JE-003557,2025-02-16,매입,거래처-010,1944946,이감사,False
JE-004103,2025-02-16,매출,거래처-015,145419,김회계,False
JE-000569,2025-02-16,미지급금,거래처-036,28266,최담당,False
JE-002844,2025-02-16,판매비와관리비,거래처-032,24180,박전표,False
JE-000796,2025-02-16,판매비와관리비,거래처-029,537052,최담당,False
JE-002714,2025-02-16,미지급금,거래처-023,134347,최담당,False
JE-001677,2025-02-16,매출원가,거래처-036,595046,김회계,False
JE-000930,2025-02-16,미수금,거래처-012,1528107,김회계,False
JE-003375,2025-02-17,미수금,거래처-036,1521990,박전표,False
JE-000972,2025-02-17,매입,거래처-036,1109319,김회계,False
JE-000345,2025-02-17,미수금,거래처-030,4751616,최담당,False
JE-000651,2025-02-17,판매비와관리비,거래처-016,39364785,박전표,False
JE-000536,2025-02-17,매입,거래처-024,562268,박전표,False
JE-001029,2025-02-17,매출원가,거래처-024,251868,이감사,False
JE-003232,2025-02-17,미수금,거래처-010,3587678,박전표,False
JE-004098,2025-02-17,매출원가,거래처-010,66100,박전표,False
JE-002454,2025-02-17,미수금,거래처-003,16258,박전표,False
JE-000217,2025-02-17,매입,거래처-021,150396,김회계,False
JE-003246,2025-02-17,미수금,거래처-001,658557,이감사,False
JE-001094,2025-02-17,판매비와관리비,거래처-002,13020,이감사,False
JE-003196,2025-02-17,매출,거래처-010,38190,최담당,False
JE-003900,2025-02-17,미수금,거래처-033,399572,이감사,False
JE-000519,2025-02-18,판매비와관리비,거래처-034,58019,이감사,False
JE-003518,2025-02-18,미수금,거래처-028,1174106,박전표,False
JE-000629,2025-02-18,미지급금,거래처-010,64530,이감사,False
JE-000736,2025-02-18,미수금,거래처-014,247304,이감사,False
JE-001088,2025-02-18,미지급금,거래처-007,172903,이감사,False
JE-004137,2025-02-18,미지급금,거래처-040,733860,김회계,False
JE-002724,2025-02-18,미수금,거래처-010,70866,이감사,False
JE-000819,2025-02-18,미수금,거래처-016,9996642,박전표,True
JE-001573,2025-02-18,미지급금,거래처-020,543247,박전표,False
JE-002374,2025-02-19,매출원가,거래처-013,313430,최담당,False
JE-003001,2025-02-19,미지급금,거래처-013,3724600,최담당,False
JE-003549,2025-02-19,매출원가,거래처-011,463948,박전표,False
JE-003313,2025-02-19,매입,거래처-015,298811,박전표,False
JE-003657,2025-02-19,미지급금,거래처-032,438603,박전표,False
JE-001945,2025-02-19,미지급금,거래처-017,248933,이감사,False
JE-000225,2025-02-19,매입,거래처-039,859371,김회계,False
JE-001842,2025-02-19,미수금,거래처-009,331839,김회계,False
JE-000399,2025-02-19,판매비와관리비,거래처-039,246416,최담당,False
JE-003522,2025-02-19,판매비와관리비,거래처-004,631398,최담당,False
JE-000302,2025-02-20,매출원가,거래처-008,61296,김회계,False
JE-001199,2025-02-20,매출,거래처-026,2750327,최담당,False
JE-003461,2025-02-20,매입,거래처-006,3322538,박전표,False
JE-001824,2025-02-20,매출,거래처-006,11797956,박전표,False
JE-002248,2025-02-20,미수금,거래처-017,9683515,박전표,False
JE-002403,2025-02-20,매출원가,거래처-008,310444,최담당,False
JE-003635,2025-02-20,매입,거래처-017,456294,최담당,False
JE-003362,2025-02-20,미지급금,거래처-011,1161442,이감사,False
JE-004035,2025-02-20,매출,거래처-040,217037,이감사,False
JE-003833,2025-02-20,판매비와관리비,거래처-015,192363,김회계,False
JE-003834,2025-02-20,미수금,거래처-019,3256534,김회계,False
JE-002455,2025-02-20,매출원가,거래처-032,912441,이감사,False
JE-004090,2025-02-21,미수금,거래처-025,940864,김회계,False
JE-001112,2025-02-21,매입,거래처-020,875194,이감사,False
JE-003817,2025-02-21,판매비와관리비,거래처-012,9994462,이감사,True
JE-000667,2025-02-21,판매비와관리비,거래처-001,2496363,박전표,False
JE-003937,2025-02-21,매입,거래처-008,13900579,최담당,False
JE-000067,2025-02-21,매입,거래처-026,2972440,최담당,False
JE-001873,2025-02-21,미지급금,거래처-019,970907,김회계,False
JE-001166,2025-02-21,미지급금,거래처-013,113563,최담당,False
JE-001775,2025-02-21,미수금,거래처-030,2954513,박전표,False
JE-001269,2025-02-21,매출원가,거래처-008,112266,이감사,False
JE-000608,2025-02-21,판매비와관리비,거래처-028,1577429,이감사,False
JE-002774,2025-02-21,매출,거래처-020,9998750,최담당,True
JE-003125,2025-02-21,미수금,거래처-013,1952089,이감사,False
JE-000444,2025-02-21,매출,거래처-037,1519200,최담당,False
JE-002647,2025-02-21,매입,거래처-016,137027,김회계,False
JE-000539,2025-02-22,미수금,거래처-003,3759794,이감사,False
JE-002016,2025-02-22,매출원가,거래처-027,14086693,최담당,False
JE-002132,2025-02-22,미수금,거래처-018,246807,이감사,False
JE-002946,2025-02-22,판매비와관리비,거래처-027,7199128,김회계,False
JE-002524,2025-02-22,판매비와관리비,거래처-038,3134502,김회계,False
JE-003030,2025-02-22,판매비와관리비,거래처-030,2000000,박전표,True
JE-003954,2025-02-22,미지급금,거래처-015,1206934,박전표,False
JE-000078,2025-02-22,미수금,거래처-015,1948477,최담당,False
JE-000262,2025-02-22,미지급금,거래처-011,115828,김회계,False
JE-001882,2025-02-22,미지급금,거래처-040,1000000,이감사,True
JE-003637,2025-02-23,판매비와관리비,거래처-016,19601,최담당,False
JE-002800,2025-02-23,판매비와관리비,거래처-029,1329313,최담당,False
JE-001281,2025-02-23,판매비와관리비,거래처-020,1101545,김회계,False
JE-000171,2025-02-23,미수금,거래처-011,571008,이감사,False
JE-000520,2025-02-23,미수금,거래처-011,61996,이감사,False
JE-003720,2025-02-23,매입,거래처-027,424025,최담당,False
JE-003712,2025-02-23,미지급금,거래처-017,34033,김회계,False
JE-000703,2025-02-23,미지급금,거래처-032,1620023,박전표,False
JE-003063,2025-02-23,매출,거래처-034,7708069,박전표,False
JE-001125,2025-02-23,미수금,거래처-033,8324560,박전표,False
JE-001607,2025-02-23,미수금,거래처-019,110715,최담당,False
JE-000682,2025-02-23,매출원가,거래처-028,60022,최담당,False
JE-002554,2025-02-23,미수금,거래처-018,311451,박전표,False
JE-000244,2025-02-23,미지급금,거래처-040,437761,최담당,False
JE-001914,2025-02-23,판매비와관리비,거래처-004,342888,최담당,False
JE-001739,2025-02-24,매출원가,거래처-003,426848,박전표,False
JE-001970,2025-02-24,매출,거래처-005,5000000,이감사,True
JE-003345,2025-02-24,매출원가,거래처-018,315192,최담당,False
JE-003655,2025-02-24,판매비와관리비,거래처-029,184040,박전표,False
JE-001416,2025-02-24,매출원가,거래처-018,8168477,김회계,False
JE-001895,2025-02-24,판매비와관리비,거래처-029,1200591,김회계,False
JE-002342,2025-02-24,미수금,거래처-022,503674,김회계,False
JE-002412,2025-02-24,매입,거래처-003,143759,박전표,False
JE-001411,2025-02-25,매출원가,거래처-025,1372682,최담당,False
JE-003723,2025-02-25,매출원가,거래처-028,4270289,김회계,False
JE-003982,2025-02-25,미수금,거래처-004,1582271,박전표,False
JE-002857,2025-02-25,판매비와관리비,거래처-037,1236641,박전표,False
JE-002354,2025-02-25,매출,거래처-034,845263,박전표,False
JE-003264,2025-02-25,판매비와관리비,거래처-012,214316,이감사,False
JE-003478,2025-02-25,미지급금,거래처-037,20231232,최담당,False
JE-003882,2025-02-25,매입,거래처-020,2673174,김회계,False
JE-000792,2025-02-25,매출,거래처-009,537553,김회계,False
JE-003506,2025-02-25,매출,거래처-023,1494524,김회계,False
JE-002445,2025-02-26,판매비와관리비,거래처-009,18495232,김회계,False
JE-002900,2025-02-26,판매비와관리비,거래처-013,1856231,김회계,False
JE-000800,2025-02-26,매입,거래처-021,66766,최담당,False
JE-001774,2025-02-26,판매비와관리비,거래처-002,1508076,이감사,False
JE-000482,2025-02-26,매출원가,거래처-010,7257638,최담당,False
JE-003173,2025-02-26,판매비와관리비,거래처-033,5000000,이감사,True
JE-000839,2025-02-26,매출원가,거래처-027,667239,박전표,False
JE-000044,2025-02-26,매출원가,거래처-003,141452,박전표,False
JE-002495,2025-02-27,판매비와관리비,거래처-012,1807532,최담당,False
JE-000517,2025-02-27,판매비와관리비,거래처-029,5214747,최담당,False
JE-003851,2025-02-27,매출원가,거래처-016,356663,김회계,False
JE-002074,2025-02-27,매출원가,거래처-019,513037,이감사,False
JE-002083,2025-02-27,매출,거래처-003,3021827,최담당,False
JE-000168,2025-02-27,미수금,거래처-001,1051819,이감사,False
JE-000655,2025-02-27,매출,거래처-021,104919,이감사,False
JE-003515,2025-02-27,판매비와관리비,거래처-023,1282348,이감사,False
JE-003111,2025-02-27,매입,거래처-026,375812,박전표,False
JE-001542,2025-02-27,미수금,거래처-016,157281,최담당,False
JE-000231,2025-02-27,매출,거래처-010,88961,이감사,False
JE-002406,2025-02-27,매입,거래처-023,9012628,이감사,False
JE-001612,2025-02-27,매출,거래처-027,258120,김회계,False
JE-000396,2025-02-27,미수금,거래처-033,6049084,최담당,False
JE-002290,2025-02-28,매출원가,거래처-025,1032925,박전표,False
JE-001881,2025-02-28,판매비와관리비,거래처-026,333526,최담당,False
JE-002945,2025-02-28,판매비와관리비,거래처-006,1225112,김회계,False
JE-000929,2025-02-28,판매비와관리비,거래처-037,2431002,이감사,False
JE-000512,2025-02-28,매출원가,거래처-025,4977757,김회계,False
JE-000778,2025-02-28,매출,거래처-018,16798084,이감사,False
JE-000807,2025-02-28,판매비와관리비,거래처-009,792317,김회계,False
JE-001117,2025-02-28,매출,거래처-039,14027357,이감사,False
JE-001353,2025-02-28,매출,거래처-006,1017034,박전표,False
JE-001770,2025-02-28,미지급금,거래처-020,153042,김회계,False
JE-003552,2025-02-28,매출원가,거래처-039,9995675,이감사,True
JE-003932,2025-02-28,매출,거래처-013,47409,이감사,False
JE-002671,2025-02-28,매출원가,거래처-028,2551250,최담당,False
JE-003468,2025-02-28,매출원가,거래처-011,1327779,최담당,False
JE-002633,2025-03-01,미지급금,거래처-001,1773697,박전표,False
JE-000296,2025-03-01,미지급금,거래처-036,805377,이감사,False
JE-002957,2025-03-01,매입,거래처-005,7109569,김회계,False
JE-002232,2025-03-01,매출원가,거래처-015,648781,박전표,False
JE-002987,2025-03-01,판매비와관리비,거래처-028,506930,최담당,False
JE-002407,2025-03-01,판매비와관리비,거래처-035,152435,김회계,False
JE-000329,2025-03-01,미지급금,거래처-021,2007879,이감사,False
JE-002386,2025-03-01,판매비와관리비,거래처-032,22630,김회계,False
JE-003171,2025-03-01,미수금,거래처-017,2329427,최담당,False
JE-000999,2025-03-02,미수금,거래처-032,1224962,김회계,False
JE-003694,2025-03-02,판매비와관리비,거래처-030,554614,최담당,False
JE-003467,2025-03-02,매출원가,거래처-029,171311,최담당,False
JE-003349,2025-03-02,판매비와관리비,거래처-002,740650,김회계,False
JE-000271,2025-03-02,매출,거래처-010,1360696,박전표,False
JE-000604,2025-03-02,판매비와관리비,거래처-031,794167,이감사,False
JE-003328,2025-03-02,미지급금,거래처-030,461391,이감사,False
JE-002178,2025-03-02,매입,거래처-016,2941076,최담당,False
JE-000021,2025-03-02,매입,거래처-003,2509360,최담당,False
JE-001274,2025-03-02,판매비와관리비,거래처-035,519814,박전표,False
JE-002523,2025-03-03,미수금,거래처-021,104141,최담당,False
JE-002755,2025-03-03,매입,거래처-016,2381902,최담당,False
JE-000918,2025-03-03,매출원가,거래처-031,857963,최담당,False
JE-001204,2025-03-03,판매비와관리비,거래처-036,2000000,박전표,True
JE-002578,2025-03-03,미수금,거래처-035,18927327,박전표,False
JE-000756,2025-03-03,미지급금,거래처-018,3057073,박전표,False
JE-000124,2025-03-03,미지급금,거래처-037,9995866,이감사,True
JE-001833,2025-03-03,매출,거래처-021,32894,이감사,False
JE-002443,2025-03-03,미수금,거래처-016,780906,이감사,False
JE-000685,2025-03-03,미지급금,거래처-040,899544,박전표,False
JE-003883,2025-03-03,미지급금,거래처-034,792487,김회계,False
JE-001819,2025-03-04,매출원가,거래처-028,1218778,박전표,False
JE-001268,2025-03-04,매입,거래처-029,120966,박전표,False
JE-002721,2025-03-04,판매비와관리비,거래처-013,22279,최담당,False
JE-000073,2025-03-04,미수금,거래처-025,394434,박전표,False
JE-002831,2025-03-04,미지급금,거래처-031,2571429,김회계,False
JE-001011,2025-03-04,매출원가,거래처-015,71131,이감사,False
JE-002620,2025-03-04,매입,거래처-029,4399280,박전표,False
JE-002673,2025-03-04,미지급금,거래처-001,3886518,이감사,False
JE-000583,2025-03-04,판매비와관리비,거래처-030,5365705,김회계,False
JE-003437,2025-03-04,미수금,거래처-012,560228,이감사,False
JE-000570,2025-03-04,매출,거래처-027,256111,김회계,False
JE-002033,2025-03-04,매입,거래처-027,5484847,박전표,False
JE-003709,2025-03-04,미수금,거래처-010,211391,김회계,False
JE-003629,2025-03-05,판매비와관리비,거래처-026,3588060,김회계,False
JE-002127,2025-03-05,매입,거래처-010,292579,최담당,False
JE-003078,2025-03-05,미지급금,거래처-017,1064610,김회계,False
JE-002915,2025-03-05,매입,거래처-030,1821143,이감사,False
JE-000874,2025-03-05,매입,거래처-012,4333368,최담당,False
JE-001295,2025-03-05,판매비와관리비,거래처-014,4886831,이감사,False
JE-000276,2025-03-05,매출원가,거래처-039,9997048,최담당,True
JE-003370,2025-03-05,미지급금,거래처-008,332960,박전표,False
JE-000369,2025-03-05,매출원가,거래처-009,9078980,박전표,False
JE-003751,2025-03-05,판매비와관리비,거래처-003,3813642,이감사,False
JE-003650,2025-03-06,미수금,거래처-027,3000000,김회계,True
JE-003858,2025-03-06,매입,거래처-001,493573,김회계,False
JE-003553,2025-03-06,판매비와관리비,거래처-016,745195,박전표,False
JE-003536,2025-03-06,매출,거래처-009,141399,이감사,False
JE-000893,2025-03-06,매출원가,거래처-032,613433,이감사,False
JE-000522,2025-03-06,미수금,거래처-027,197497,이감사,False
JE-002436,2025-03-06,매출,거래처-013,5928496,박전표,False
JE-003189,2025-03-06,매출원가,거래처-025,2404369,박전표,False
JE-002812,2025-03-06,판매비와관리비,거래처-040,1093196,김회계,False
JE-001537,2025-03-06,미수금,거래처-010,466609,이감사,False
JE-003756,2025-03-06,미지급금,거래처-008,177463,박전표,False
JE-003633,2025-03-07,미지급금,거래처-019,5527465,박전표,False
JE-003503,2025-03-07,매입,거래처-004,94284,이감사,False
JE-000887,2025-03-07,매입,거래처-006,239441,김회계,False
JE-004078,2025-03-07,매입,거래처-027,2825191,최담당,False
JE-002788,2025-03-07,판매비와관리비,거래처-016,195824,이감사,False
JE-003609,2025-03-07,매입,거래처-006,1626168,박전표,False
JE-001986,2025-03-07,매출원가,거래처-033,9995604,박전표,True
JE-000024,2025-03-07,매출,거래처-009,407692,박전표,False
JE-003935,2025-03-07,미지급금,거래처-001,3874741,이감사,False
JE-002155,2025-03-07,매출,거래처-006,214035,이감사,False
JE-000292,2025-03-07,매출원가,거래처-026,8932861,박전표,False
JE-003194,2025-03-07,매입,거래처-006,215022,최담당,False
JE-003230,2025-03-08,매입,거래처-002,450799,박전표,False
JE-001365,2025-03-08,판매비와관리비,거래처-009,4462785,박전표,False
JE-001746,2025-03-08,미지급금,거래처-030,49034,이감사,False
JE-003299,2025-03-08,매입,거래처-026,1989463,김회계,False
JE-003033,2025-03-08,매입,거래처-013,729515,최담당,False
JE-001188,2025-03-08,미수금,거래처-027,4339839,김회계,False
JE-000129,2025-03-08,판매비와관리비,거래처-030,1705059,최담당,False
JE-003174,2025-03-09,매출원가,거래처-023,1339809,김회계,False
JE-002076,2025-03-09,매입,거래처-003,19346248,이감사,False
JE-001932,2025-03-09,판매비와관리비,거래처-017,1347054,이감사,False
JE-003663,2025-03-09,매출원가,거래처-024,4221597,이감사,False
JE-000681,2025-03-09,매출원가,거래처-011,2943456,박전표,False
JE-002298,2025-03-09,미수금,거래처-031,75991,최담당,False
JE-001687,2025-03-09,미수금,거래처-037,779095,최담당,False
JE-001805,2025-03-09,미수금,거래처-018,659743,이감사,False
JE-001611,2025-03-09,판매비와관리비,거래처-036,973431,이감사,False
JE-001656,2025-03-09,미수금,거래처-036,826967,박전표,False
JE-000803,2025-03-10,미수금,거래처-003,6188524,최담당,False
JE-003753,2025-03-10,매출원가,거래처-006,2179183,박전표,False
JE-002830,2025-03-10,매입,거래처-032,914627,김회계,False
JE-000957,2025-03-10,미수금,거래처-023,53277,박전표,False
JE-000390,2025-03-10,매출원가,거래처-023,69618,김회계,False
JE-000532,2025-03-10,매출,거래처-014,606048,김회계,False
JE-000531,2025-03-10,미수금,거래처-034,734256,김회계,False
JE-003312,2025-03-10,판매비와관리비,거래처-019,1160156,최담당,False
JE-003265,2025-03-10,매출,거래처-038,184475,최담당,False
JE-002648,2025-03-10,판매비와관리비,거래처-040,89226,김회계,False
JE-001763,2025-03-10,매출원가,거래처-023,382412,최담당,False
JE-000932,2025-03-10,미지급금,거래처-016,555347,이감사,False
JE-002765,2025-03-10,매출,거래처-004,13784587,김회계,False
JE-000298,2025-03-10,매입,거래처-021,6508711,김회계,False
JE-002332,2025-03-11,미수금,거래처-035,4740219,최담당,False
JE-003238,2025-03-11,매출,거래처-039,1009005,박전표,False
JE-002218,2025-03-11,미지급금,거래처-023,94378,김회계,False
JE-002613,2025-03-11,매출원가,거래처-035,512191,박전표,False
JE-001001,2025-03-11,판매비와관리비,거래처-001,1376770,박전표,False
JE-002168,2025-03-12,매출원가,거래처-032,8619939,박전표,False
JE-000409,2025-03-12,판매비와관리비,거래처-024,1411795,박전표,False
JE-004068,2025-03-12,매출원가,거래처-001,361318,이감사,False
JE-004100,2025-03-12,판매비와관리비,거래처-034,3121306,김회계,False
JE-003906,2025-03-12,매출원가,거래처-035,799591,최담당,False
JE-003654,2025-03-12,매입,거래처-002,3910586,김회계,False
JE-002706,2025-03-12,매출원가,거래처-018,516981,이감사,False
JE-002300,2025-03-12,판매비와관리비,거래처-035,25047,이감사,False
JE-003336,2025-03-12,판매비와관리비,거래처-021,4866220,김회계,False
JE-000269,2025-03-12,미지급금,거래처-001,9995207,김회계,True
JE-003471,2025-03-12,매출원가,거래처-001,612539,최담당,False
JE-001803,2025-03-12,미수금,거래처-040,347489,이감사,False
JE-003788,2025-03-13,판매비와관리비,거래처-006,843393,김회계,False
JE-000391,2025-03-13,매출,거래처-033,18816416,이감사,False
JE-002276,2025-03-13,매출,거래처-013,304230,이감사,False
JE-000287,2025-03-13,매출,거래처-001,93929,최담당,False
JE-003090,2025-03-13,판매비와관리비,거래처-024,4167171,이감사,False
JE-001393,2025-03-13,판매비와관리비,거래처-002,1099774,최담당,False
JE-003017,2025-03-13,미지급금,거래처-002,57113,최담당,False
JE-001553,2025-03-13,매입,거래처-035,109503,이감사,False
JE-003385,2025-03-13,미수금,거래처-011,5000000,최담당,True
JE-001456,2025-03-13,매입,거래처-014,240111,이감사,False
JE-003197,2025-03-13,판매비와관리비,거래처-028,763236,이감사,False
JE-001364,2025-03-13,미수금,거래처-032,6198618,최담당,False
JE-002487,2025-03-13,매출,거래처-001,1156780,최담당,False
JE-004081,2025-03-13,매출원가,거래처-034,1589468,이감사,False
JE-001993,2025-03-13,판매비와관리비,거래처-021,5286220,박전표,False
JE-002199,2025-03-13,판매비와관리비,거래처-006,1256315,최담당,False
JE-000447,2025-03-13,매출,거래처-029,87934,김회계,False
JE-001665,2025-03-13,미수금,거래처-010,33409683,김회계,False
JE-000417,2025-03-13,미지급금,거래처-019,2472357,최담당,False
JE-003740,2025-03-14,매입,거래처-017,115165,이감사,False
JE-000035,2025-03-14,매출,거래처-005,812827,박전표,False
JE-002153,2025-03-14,미수금,거래처-004,27459719,박전표,False
JE-000750,2025-03-14,미지급금,거래처-011,1242844,최담당,False
JE-001948,2025-03-14,매입,거래처-036,55046,김회계,False
JE-002094,2025-03-14,미수금,거래처-014,3263271,이감사,False
JE-000395,2025-03-14,매출,거래처-018,200777,최담당,False
JE-000624,2025-03-14,미수금,거래처-004,4031119,박전표,False
JE-002861,2025-03-14,판매비와관리비,거래처-009,1197076,박전표,False
JE-004148,2025-03-14,미지급금,거래처-021,308860,이감사,False
JE-000795,2025-03-14,매출,거래처-040,1259832,박전표,False
JE-002659,2025-03-14,매입,거래처-036,9998833,김회계,True
JE-003156,2025-03-15,매출,거래처-024,248019,김회계,False
JE-001264,2025-03-15,매출원가,거래처-029,364469,최담당,False
JE-001030,2025-03-15,매출원가,거래처-017,1373420,이감사,False
JE-003562,2025-03-15,미지급금,거래처-033,1460684,이감사,False
JE-002351,2025-03-15,매출원가,거래처-010,794581,김회계,False
JE-001505,2025-03-15,미수금,거래처-016,61092363,박전표,False
JE-001509,2025-03-15,매출,거래처-029,6078295,김회계,False
JE-001514,2025-03-15,미지급금,거래처-012,1155063,이감사,False
JE-002289,2025-03-15,매입,거래처-019,344731,최담당,False
JE-001923,2025-03-15,미지급금,거래처-021,2806372,최담당,False
JE-000734,2025-03-15,미지급금,거래처-027,165757,최담당,False
JE-002463,2025-03-15,매입,거래처-030,9997847,최담당,True
JE-004002,2025-03-15,미수금,거래처-002,9996443,김회계,True
JE-003240,2025-03-16,매입,거래처-036,1964354,김회계,False
JE-003102,2025-03-16,판매비와관리비,거래처-038,1759264,이감사,False
JE-004066,2025-03-16,판매비와관리비,거래처-023,51629,박전표,False
JE-000592,2025-03-16,매출원가,거래처-013,1427084,박전표,False
JE-002581,2025-03-16,매출원가,거래처-034,2000000,최담당,True
JE-000534,2025-03-16,매입,거래처-003,27695678,이감사,False
JE-002400,2025-03-16,미지급금,거래처-026,332916,김회계,False
JE-003464,2025-03-16,매입,거래처-011,351565,이감사,False
JE-000718,2025-03-17,미수금,거래처-032,3611807,최담당,False
JE-004119,2025-03-17,매출원가,거래처-027,5457200,박전표,False
JE-000785,2025-03-17,미지급금,거래처-019,2644014,박전표,False
JE-001308,2025-03-17,미수금,거래처-038,195712,박전표,False
JE-001262,2025-03-17,미수금,거래처-013,311977,김회계,False
JE-002697,2025-03-17,매출,거래처-038,1362947,이감사,False
JE-002247,2025-03-17,판매비와관리비,거래처-002,87358,최담당,False
JE-003263,2025-03-17,판매비와관리비,거래처-009,83341,김회계,False
JE-000119,2025-03-17,매출원가,거래처-034,10854441,김회계,False
JE-002933,2025-03-17,매입,거래처-023,1222582,김회계,False
JE-003671,2025-03-17,매입,거래처-016,606343,이감사,False
JE-001603,2025-03-17,매출원가,거래처-010,16100,이감사,False
JE-003458,2025-03-17,미지급금,거래처-023,170911,김회계,False
JE-000017,2025-03-18,매입,거래처-025,440524,박전표,False
JE-000252,2025-03-18,미지급금,거래처-010,373536,박전표,False
JE-000790,2025-03-18,미수금,거래처-030,869294,김회계,False
JE-001838,2025-03-18,매입,거래처-011,1008970,김회계,False
JE-002043,2025-03-18,매출,거래처-006,581727,최담당,False
JE-001894,2025-03-18,미수금,거래처-022,69576,박전표,False
JE-000478,2025-03-18,매출,거래처-008,1245282,김회계,False
JE-002642,2025-03-18,미지급금,거래처-005,7313995,김회계,False
JE-003357,2025-03-18,매입,거래처-006,12551032,최담당,False
JE-002113,2025-03-18,매입,거래처-021,867980,이감사,False
JE-002814,2025-03-18,매입,거래처-010,609587,최담당,False
JE-000552,2025-03-18,미지급금,거래처-014,449463,최담당,False
JE-002415,2025-03-18,판매비와관리비,거래처-017,497249,이감사,False
JE-000002,2025-03-19,매입,거래처-014,309992,김회계,False
JE-000771,2025-03-19,미수금,거래처-024,297533,최담당,False
JE-003559,2025-03-19,매입,거래처-022,3243690,박전표,False
JE-004004,2025-03-19,판매비와관리비,거래처-003,4242202,최담당,False
JE-000126,2025-03-19,매출,거래처-002,1573062,이감사,False
JE-002347,2025-03-19,판매비와관리비,거래처-007,207211,이감사,False
JE-002126,2025-03-19,매입,거래처-029,252629,김회계,False
JE-001348,2025-03-19,매입,거래처-009,5189089,박전표,False
JE-000613,2025-03-19,판매비와관리비,거래처-025,221467,김회계,False
JE-002208,2025-03-19,판매비와관리비,거래처-018,199760,최담당,False
JE-001036,2025-03-19,미수금,거래처-008,4474427,김회계,False
JE-002634,2025-03-19,미지급금,거래처-040,341626,김회계,False
JE-001380,2025-03-19,미수금,거래처-030,6963962,최담당,False
JE-000885,2025-03-19,미지급금,거래처-014,47837,박전표,False
JE-002621,2025-03-19,매출원가,거래처-024,141176,이감사,False
JE-002267,2025-03-20,매입,거래처-034,195983,박전표,False
JE-003260,2025-03-20,매출,거래처-022,7114853,박전표,False
JE-003864,2025-03-20,매입,거래처-017,350484,김회계,False
JE-003673,2025-03-20,매출,거래처-019,203810,최담당,False
JE-000737,2025-03-20,판매비와관리비,거래처-018,782890,최담당,False
JE-001810,2025-03-20,미수금,거래처-021,17922025,최담당,False
JE-002030,2025-03-20,매입,거래처-012,5186939,이감사,False
JE-004093,2025-03-20,미수금,거래처-023,130663,김회계,False
JE-001261,2025-03-20,미지급금,거래처-027,603305,이감사,False
JE-001825,2025-03-20,판매비와관리비,거래처-026,343026,박전표,False
JE-004034,2025-03-20,매입,거래처-010,5034778,이감사,False
JE-002603,2025-03-20,미지급금,거래처-028,4302349,이감사,False
JE-001829,2025-03-20,매출,거래처-003,1572828,박전표,False
JE-001098,2025-03-20,매출원가,거래처-010,310667,박전표,False
JE-001016,2025-03-20,매출,거래처-001,2005032,이감사,False
JE-000393,2025-03-20,매입,거래처-007,1077338,이감사,False
JE-001649,2025-03-20,매출,거래처-033,200675,박전표,False
JE-003588,2025-03-20,매출,거래처-015,2330624,김회계,False
JE-001966,2025-03-21,판매비와관리비,거래처-002,1201661,이감사,False
JE-000200,2025-03-21,미수금,거래처-014,2098447,최담당,False
JE-000095,2025-03-21,매출원가,거래처-026,96778,이감사,False
JE-003738,2025-03-21,미수금,거래처-036,16155,박전표,False
JE-003980,2025-03-21,매입,거래처-004,9996311,김회계,True
JE-001140,2025-03-21,미수금,거래처-034,138885,김회계,False
JE-003236,2025-03-21,판매비와관리비,거래처-008,909935,박전표,False
JE-003344,2025-03-21,매입,거래처-021,330513,최담당,False
JE-003470,2025-03-21,판매비와관리비,거래처-023,120003,최담당,False
JE-003825,2025-03-21,미지급금,거래처-015,90809,김회계,False
JE-002557,2025-03-21,매출원가,거래처-028,255201,최담당,False
JE-001059,2025-03-22,미지급금,거래처-021,7570491,김회계,False
JE-002704,2025-03-22,미수금,거래처-003,446894,최담당,False
JE-002254,2025-03-22,미지급금,거래처-025,243020,최담당,False
JE-000760,2025-03-22,미지급금,거래처-038,6889800,박전표,False
JE-001808,2025-03-22,매입,거래처-008,198638,최담당,False
JE-000030,2025-03-22,매출,거래처-023,843180,박전표,False
JE-000055,2025-03-22,매출원가,거래처-005,24070,박전표,False
JE-001727,2025-03-22,매출,거래처-022,304003,이감사,False
JE-003787,2025-03-22,판매비와관리비,거래처-034,7246360,김회계,False
JE-003140,2025-03-22,판매비와관리비,거래처-035,1168637,김회계,False
JE-003060,2025-03-22,판매비와관리비,거래처-017,751921,최담당,False
JE-001440,2025-03-22,매출,거래처-040,4946264,김회계,False
JE-001255,2025-03-23,매출원가,거래처-017,46949,김회계,False
JE-004141,2025-03-23,미수금,거래처-012,651421,김회계,False
JE-003165,2025-03-23,미수금,거래처-010,7914436,박전표,False
JE-000731,2025-03-23,미지급금,거래처-033,1029736,최담당,False
JE-001386,2025-03-23,매출원가,거래처-030,1043147,박전표,False
JE-000415,2025-03-23,미지급금,거래처-008,2772447,김회계,False
JE-002318,2025-03-23,매입,거래처-007,130075,박전표,False
JE-002880,2025-03-23,매입,거래처-034,6808937,김회계,False
JE-003354,2025-03-23,미수금,거래처-007,1086272,이감사,False
JE-003984,2025-03-23,미지급금,거래처-030,3234358,최담당,False
JE-002279,2025-03-23,매입,거래처-020,38155,이감사,False
JE-001561,2025-03-23,매입,거래처-034,148503,최담당,False
JE-004139,2025-03-23,미수금,거래처-007,1009667,이감사,False
JE-003646,2025-03-23,매출,거래처-010,13795026,최담당,False
JE-000829,2025-03-23,미수금,거래처-005,1036173,이감사,False
JE-001519,2025-03-23,판매비와관리비,거래처-026,2241513,최담당,False
JE-003413,2025-03-23,판매비와관리비,거래처-005,151791,이감사,False
JE-001980,2025-03-23,매출원가,거래처-010,3124096,최담당,False
JE-002184,2025-03-24,미수금,거래처-008,502933,박전표,False
JE-002150,2025-03-24,매출원가,거래처-027,1746754,최담당,False
JE-002160,2025-03-24,판매비와관리비,거래처-009,411309,최담당,False
JE-002097,2025-03-24,매출,거래처-029,745171,이감사,False
JE-002260,2025-03-24,매출,거래처-029,43881,김회계,False
JE-000320,2025-03-24,판매비와관리비,거래처-007,721158,이감사,False
JE-001339,2025-03-24,미수금,거래처-022,797972,이감사,False
JE-000189,2025-03-25,매출원가,거래처-002,84138,김회계,False
JE-002894,2025-03-25,매출원가,거래처-032,1535134,김회계,False
JE-000105,2025-03-25,매입,거래처-012,191026,최담당,False
JE-001827,2025-03-25,매출,거래처-007,26024499,최담당,False
JE-000738,2025-03-25,미지급금,거래처-029,5206566,이감사,False
JE-003306,2025-03-25,미지급금,거래처-039,4530619,김회계,False
JE-000015,2025-03-25,매출원가,거래처-001,455290,이감사,False
JE-000572,2025-03-26,미수금,거래처-005,742897,김회계,False
JE-002986,2025-03-26,매입,거래처-024,1483775,최담당,False
JE-003852,2025-03-26,판매비와관리비,거래처-040,10465992,최담당,False
JE-002413,2025-03-26,판매비와관리비,거래처-032,79928,김회계,False
JE-001003,2025-03-26,판매비와관리비,거래처-009,511676,박전표,False
JE-003023,2025-03-26,매출원가,거래처-019,1030884,이감사,False
JE-002792,2025-03-26,미수금,거래처-002,260216,김회계,False
JE-000722,2025-03-26,매입,거래처-011,2092930,최담당,False
JE-001949,2025-03-26,미수금,거래처-008,3000000,최담당,True
JE-000227,2025-03-26,매출,거래처-038,1583464,이감사,False
JE-002903,2025-03-26,미지급금,거래처-024,6227011,최담당,False
JE-000502,2025-03-26,매출,거래처-015,358526,최담당,False
JE-003523,2025-03-26,매입,거래처-012,793292,김회계,False
JE-002380,2025-03-26,판매비와관리비,거래처-025,1210315,최담당,False
JE-000039,2025-03-26,판매비와관리비,거래처-024,45995,이감사,False
JE-003350,2025-03-26,미수금,거래처-030,1187187,김회계,False
JE-002277,2025-03-26,매출원가,거래처-008,10190632,이감사,False
JE-003534,2025-03-27,매출원가,거래처-003,631865,최담당,False
JE-002807,2025-03-27,매출원가,거래처-040,22285,이감사,False
JE-002046,2025-03-27,매출원가,거래처-028,209573,박전표,False
JE-003524,2025-03-27,매입,거래처-014,380284,김회계,False
JE-002130,2025-03-27,매출,거래처-005,1232793,최담당,False
JE-002296,2025-03-27,미지급금,거래처-001,1486459,박전표,False
JE-003212,2025-03-27,매출,거래처-021,505413,박전표,False
JE-003771,2025-03-27,미수금,거래처-023,1187722,박전표,False
JE-002075,2025-03-27,미수금,거래처-003,628268,박전표,False
JE-000149,2025-03-27,매출,거래처-011,3622926,최담당,False
JE-003126,2025-03-28,판매비와관리비,거래처-006,99140,박전표,False
JE-002381,2025-03-28,매출,거래처-040,60984,박전표,False
JE-001379,2025-03-28,매출원가,거래처-033,10000000,박전표,True
JE-003511,2025-03-28,미지급금,거래처-024,2082311,이감사,False
JE-003463,2025-03-28,미수금,거래처-036,720249,김회계,False
JE-000406,2025-03-28,매출,거래처-006,7975669,김회계,False
JE-002188,2025-03-28,매출원가,거래처-013,466269,김회계,False
JE-000853,2025-03-29,판매비와관리비,거래처-034,697440,최담당,False
JE-002306,2025-03-29,미수금,거래처-033,67718,최담당,False
JE-003763,2025-03-29,매입,거래처-010,774184,최담당,False
JE-001531,2025-03-29,매출,거래처-029,1128311,최담당,False
JE-001983,2025-03-29,미수금,거래처-004,702799,김회계,False
JE-001419,2025-03-29,매입,거래처-038,2191962,최담당,False
JE-000499,2025-03-29,미수금,거래처-005,1195505,김회계,False
JE-002967,2025-03-29,판매비와관리비,거래처-030,3703631,김회계,False
JE-001350,2025-03-29,매입,거래처-015,2022719,최담당,False
JE-003745,2025-03-29,미지급금,거래처-025,46280,박전표,False
JE-000638,2025-03-29,판매비와관리비,거래처-040,1148824,이감사,False
JE-003290,2025-03-30,미지급금,거래처-037,1139594,최담당,False
JE-002994,2025-03-30,미지급금,거래처-021,343659,최담당,False
JE-003075,2025-03-30,미지급금,거래처-010,26394666,최담당,False
JE-003873,2025-03-30,미지급금,거래처-017,1368420,이감사,False
JE-002269,2025-03-30,매출원가,거래처-027,3758802,김회계,False
JE-001545,2025-03-30,미수금,거래처-006,5680039,김회계,False
JE-002107,2025-03-30,매출,거래처-021,36477574,박전표,False
JE-001667,2025-03-30,매입,거래처-037,202916,이감사,False
JE-003739,2025-03-31,판매비와관리비,거래처-029,497341,이감사,False
JE-003955,2025-03-31,매출,거래처-032,10103322,이감사,False
JE-003321,2025-03-31,미지급금,거래처-011,1291618,박전표,False
JE-002968,2025-03-31,미수금,거래처-020,554320,최담당,False
JE-002001,2025-03-31,매출원가,거래처-039,800698,이감사,False
JE-001341,2025-04-01,매출,거래처-019,1209450,최담당,False
JE-001900,2025-04-01,매출,거래처-018,1341537,김회계,False
JE-003026,2025-04-01,매출원가,거래처-001,113627,김회계,False
JE-003247,2025-04-01,매출,거래처-002,1205145,최담당,False
JE-003006,2025-04-01,매출원가,거래처-002,507714,박전표,False
JE-001494,2025-04-01,미지급금,거래처-040,1725426,박전표,False
JE-000236,2025-04-01,미지급금,거래처-035,5000000,이감사,True
JE-003079,2025-04-01,판매비와관리비,거래처-021,208801,이감사,False
JE-003804,2025-04-02,판매비와관리비,거래처-001,4013187,이감사,False
JE-002467,2025-04-02,판매비와관리비,거래처-009,2978817,최담당,False
JE-001579,2025-04-02,매출,거래처-010,8459886,최담당,False
JE-002531,2025-04-02,매출,거래처-017,9997351,박전표,True
JE-001843,2025-04-02,매출원가,거래처-016,1075176,최담당,False
JE-002264,2025-04-02,미지급금,거래처-040,652117,최담당,False
JE-000100,2025-04-02,매출원가,거래처-006,41910522,이감사,False
JE-000007,2025-04-02,매입,거래처-029,4440847,이감사,False
JE-003172,2025-04-02,판매비와관리비,거래처-018,1774326,박전표,False
JE-003056,2025-04-03,미수금,거래처-010,69197205,이감사,False
JE-001428,2025-04-03,판매비와관리비,거래처-009,9998645,이감사,True
JE-000348,2025-04-03,매출,거래처-023,272208,김회계,False
JE-001243,2025-04-03,미수금,거래처-030,611962,이감사,False
JE-001477,2025-04-03,매입,거래처-037,401311,최담당,False
JE-000755,2025-04-03,판매비와관리비,거래처-035,261328,박전표,False
JE-000392,2025-04-03,판매비와관리비,거래처-009,9125160,김회계,False
JE-002700,2025-04-03,미지급금,거래처-012,1143812,박전표,False
JE-001294,2025-04-03,매출원가,거래처-002,136979,이감사,False
JE-001038,2025-04-03,매출,거래처-025,666068,최담당,False
JE-000114,2025-04-03,미수금,거래처-013,1480004,김회계,False
JE-001599,2025-04-03,미수금,거래처-013,17617,이감사,False
JE-003519,2025-04-03,미수금,거래처-030,4081537,이감사,False
JE-003669,2025-04-03,판매비와관리비,거래처-031,413530,최담당,False
JE-002313,2025-04-03,매출원가,거래처-011,267024,최담당,False
JE-003208,2025-04-04,매입,거래처-012,1839580,최담당,False
JE-001652,2025-04-04,매출,거래처-037,48757805,김회계,False
JE-001626,2025-04-04,미지급금,거래처-021,1119133,이감사,False
JE-003031,2025-04-04,판매비와관리비,거래처-026,710070,김회계,False
JE-001624,2025-04-04,판매비와관리비,거래처-012,2124648,최담당,False
JE-002245,2025-04-04,미수금,거래처-040,27679,이감사,False
JE-001867,2025-04-04,미수금,거래처-005,635545,박전표,False
JE-001396,2025-04-04,매출,거래처-022,27893067,박전표,False
JE-003656,2025-04-04,판매비와관리비,거래처-037,453834,박전표,False
JE-001020,2025-04-04,매출원가,거래처-005,1498094,김회계,False
JE-001520,2025-04-04,매출원가,거래처-034,1323408,이감사,False
JE-003327,2025-04-04,매출원가,거래처-012,331191,박전표,False
JE-000155,2025-04-04,매입,거래처-032,92317,최담당,False
JE-001875,2025-04-05,미지급금,거래처-018,7782161,이감사,False
JE-000313,2025-04-05,매출원가,거래처-025,5089569,이감사,False
JE-002165,2025-04-05,판매비와관리비,거래처-029,165625,박전표,False
JE-002175,2025-04-05,판매비와관리비,거래처-019,98456,이감사,False
JE-001820,2025-04-05,판매비와관리비,거래처-035,2864863,최담당,False
JE-003107,2025-04-05,미수금,거래처-027,2647393,이감사,False
JE-002221,2025-04-05,매입,거래처-026,2250442,이감사,False
JE-001070,2025-04-05,매출원가,거래처-032,6341908,이감사,False
JE-001113,2025-04-05,미수금,거래처-035,292489,김회계,False
JE-002235,2025-04-05,미수금,거래처-029,302766,최담당,False
JE-002357,2025-04-05,매입,거래처-019,1473894,김회계,False
JE-003225,2025-04-06,매입,거래처-029,438065,박전표,False
JE-000294,2025-04-06,매입,거래처-018,1189363,김회계,False
JE-000325,2025-04-06,매출,거래처-010,443843,김회계,False
JE-002090,2025-04-06,미수금,거래처-033,103177,이감사,False
JE-003169,2025-04-06,미지급금,거래처-016,33235292,김회계,False
JE-000028,2025-04-06,미수금,거래처-022,37388,박전표,False
JE-001488,2025-04-06,미지급금,거래처-034,19126,최담당,False
JE-002270,2025-04-06,미지급금,거래처-026,286582,최담당,False
JE-003568,2025-04-06,미수금,거래처-033,3712304,최담당,False
JE-003994,2025-04-06,매출원가,거래처-003,133027,김회계,False
JE-001378,2025-04-06,매입,거래처-036,8513891,박전표,False
JE-001697,2025-04-06,매출원가,거래처-013,498282,이감사,False
JE-001661,2025-04-06,판매비와관리비,거래처-007,1566222,박전표,False
JE-001625,2025-04-06,판매비와관리비,거래처-005,55194627,김회계,False
JE-000914,2025-04-06,미수금,거래처-002,387970,이감사,False
JE-000733,2025-04-06,매출원가,거래처-034,246210,김회계,False
JE-003783,2025-04-07,판매비와관리비,거래처-001,314034,박전표,False
JE-000925,2025-04-07,매출,거래처-031,129789,박전표,False
JE-003011,2025-04-07,매입,거래처-023,682232,최담당,False
JE-003726,2025-04-07,미지급금,거래처-034,117348,최담당,False
JE-001305,2025-04-07,미지급금,거래처-019,15328,박전표,False
JE-002137,2025-04-07,미수금,거래처-021,160962,박전표,False
JE-004045,2025-04-07,판매비와관리비,거래처-035,7364646,최담당,False
JE-000143,2025-04-07,매출원가,거래처-019,99593,김회계,False
JE-001995,2025-04-07,매출,거래처-034,1498485,박전표,False
JE-003838,2025-04-07,매출원가,거래처-014,35275,이감사,False
JE-000649,2025-04-07,매출원가,거래처-022,92485,박전표,False
JE-002401,2025-04-08,미지급금,거래처-008,340097,박전표,False
JE-001031,2025-04-08,매출,거래처-027,4176800,박전표,False
JE-000936,2025-04-08,미수금,거래처-004,9996825,최담당,True
JE-003774,2025-04-08,매출원가,거래처-037,143264,박전표,False
JE-003776,2025-04-08,매입,거래처-011,78031,박전표,False
JE-001936,2025-04-08,매출원가,거래처-038,3160050,김회계,False
JE-000535,2025-04-08,미수금,거래처-011,169683,이감사,False
JE-000016,2025-04-08,판매비와관리비,거래처-020,291306,이감사,False
JE-002501,2025-04-08,미수금,거래처-010,6186610,최담당,False
JE-000492,2025-04-08,매출,거래처-040,12411649,박전표,False
JE-002716,2025-04-08,매입,거래처-009,733053,이감사,False
JE-001455,2025-04-08,미지급금,거래처-017,267233,이감사,False
JE-002858,2025-04-08,매출,거래처-032,316203,최담당,False
JE-000856,2025-04-08,매출,거래처-037,263447,박전표,False
JE-001407,2025-04-08,미수금,거래처-002,143014,최담당,False
JE-004125,2025-04-08,미수금,거래처-005,5000000,최담당,True
JE-001728,2025-04-08,매출,거래처-029,941168,이감사,False
JE-000666,2025-04-08,미수금,거래처-020,717613,최담당,False
JE-000161,2025-04-09,매출,거래처-019,5522029,박전표,False
JE-001304,2025-04-09,미지급금,거래처-036,1233528,김회계,False
JE-001551,2025-04-09,매출원가,거래처-018,215527,박전표,False
JE-003477,2025-04-09,미수금,거래처-012,879138,이감사,False
JE-003465,2025-04-09,매출,거래처-031,1494089,박전표,False
JE-000228,2025-04-09,매입,거래처-037,403288,이감사,False
JE-000335,2025-04-09,매입,거래처-008,5468876,최담당,False
JE-001635,2025-04-09,판매비와관리비,거래처-011,397328,최담당,False
JE-003494,2025-04-09,미수금,거래처-005,2326249,김회계,False
JE-004150,2025-04-09,미지급금,거래처-023,350151,최담당,False
JE-001046,2025-04-09,매입,거래처-036,533388,이감사,False
JE-004084,2025-04-09,매출,거래처-036,128621,최담당,False
JE-003273,2025-04-10,매입,거래처-029,394242,박전표,False
JE-002696,2025-04-10,미지급금,거래처-021,6934163,최담당,False
JE-000077,2025-04-10,판매비와관리비,거래처-013,161083,최담당,False
JE-003652,2025-04-10,판매비와관리비,거래처-010,1136826,이감사,False
JE-001713,2025-04-10,매입,거래처-008,1645994,이감사,False
JE-001381,2025-04-10,미지급금,거래처-015,497010,최담당,False
JE-000127,2025-04-10,미수금,거래처-031,147774,김회계,False
JE-000004,2025-04-10,미지급금,거래처-032,71271,박전표,False
JE-003876,2025-04-10,매입,거래처-040,308813,최담당,False
JE-003353,2025-04-11,매입,거래처-029,85428,박전표,False
JE-000669,2025-04-11,매입,거래처-035,1049118,박전표,False
JE-003796,2025-04-11,매출,거래처-030,514604,이감사,False
JE-000907,2025-04-11,판매비와관리비,거래처-040,661571,김회계,False
JE-000389,2025-04-11,매출,거래처-026,1140282,최담당,False
JE-001643,2025-04-11,매출원가,거래처-033,207978,박전표,False
JE-001180,2025-04-11,매출,거래처-007,54444,김회계,False
JE-003423,2025-04-11,매입,거래처-034,1694193,김회계,False
JE-004060,2025-04-11,미지급금,거래처-033,289897,박전표,False
JE-000890,2025-04-11,매출,거래처-024,66528,최담당,False
JE-002963,2025-04-12,미수금,거래처-019,565409,박전표,False
JE-003275,2025-04-12,매입,거래처-027,35169,박전표,False
JE-001996,2025-04-12,미지급금,거래처-003,4239549,김회계,False
JE-001957,2025-04-12,매출원가,거래처-033,4475206,이감사,False
JE-002547,2025-04-12,매출,거래처-025,614120,김회계,False
JE-003714,2025-04-12,매출,거래처-013,598334,이감사,False
JE-000609,2025-04-12,매입,거래처-032,2079120,최담당,False
JE-003815,2025-04-13,미수금,거래처-018,2366524,이감사,False
JE-002793,2025-04-13,미지급금,거래처-028,58422206,최담당,False
JE-001479,2025-04-13,미지급금,거래처-011,2662328,최담당,False
JE-003626,2025-04-13,매출원가,거래처-032,2518544,박전표,False
JE-000575,2025-04-13,미지급금,거래처-017,273065,박전표,False
JE-003555,2025-04-13,매출원가,거래처-006,730982,이감사,False
JE-002909,2025-04-13,매출,거래처-012,792258,김회계,False
JE-002310,2025-04-13,매입,거래처-030,77220841,김회계,False
JE-001876,2025-04-13,미지급금,거래처-028,378724,김회계,False
JE-003925,2025-04-13,판매비와관리비,거래처-005,331322,김회계,False
JE-003108,2025-04-13,판매비와관리비,거래처-016,5194471,김회계,False
JE-002824,2025-04-13,매입,거래처-017,103590,이감사,False
JE-001048,2025-04-14,미지급금,거래처-017,2895921,최담당,False
JE-002237,2025-04-14,매출,거래처-009,236947,최담당,False
JE-000146,2025-04-14,매입,거래처-035,848048,김회계,False
JE-000797,2025-04-14,매출,거래처-013,727793,최담당,False
JE-002233,2025-04-14,판매비와관리비,거래처-028,90867,최담당,False
JE-003233,2025-04-14,매출원가,거래처-027,19754239,김회계,False
JE-002901,2025-04-14,판매비와관리비,거래처-038,74353,박전표,False
JE-003696,2025-04-14,판매비와관리비,거래처-034,2756993,최담당,False
JE-000110,2025-04-14,미수금,거래처-019,11568082,김회계,False
JE-001856,2025-04-14,매출원가,거래처-036,1084105,박전표,False
JE-000862,2025-04-14,매입,거래처-032,2662015,김회계,False
JE-002622,2025-04-14,미수금,거래처-036,848922,박전표,False
JE-002974,2025-04-14,매출,거래처-024,742133,김회계,False
JE-003036,2025-04-15,매출원가,거래처-010,1240708,최담당,False
JE-001849,2025-04-15,미지급금,거래처-035,121870,박전표,False
JE-001874,2025-04-15,매입,거래처-008,370359,이감사,False
JE-001804,2025-04-15,매출원가,거래처-024,227345,이감사,False
JE-000618,2025-04-15,매입,거래처-038,2428719,박전표,False
JE-000635,2025-04-15,매입,거래처-002,816039,이감사,False
JE-002438,2025-04-15,매입,거래처-008,363432,박전표,False
JE-001647,2025-04-15,판매비와관리비,거래처-017,2736668,이감사,False
JE-002973,2025-04-16,미수금,거래처-039,757189,이감사,False
JE-001449,2025-04-16,매입,거래처-016,328117,이감사,False
JE-002370,2025-04-16,판매비와관리비,거래처-013,673438,이감사,False
JE-002964,2025-04-16,미지급금,거래처-007,576472,최담당,False
JE-001468,2025-04-16,미지급금,거래처-002,330729,이감사,False
JE-004023,2025-04-16,매입,거래처-011,285379,이감사,False
JE-000435,2025-04-16,미지급금,거래처-019,3050272,김회계,False
JE-000051,2025-04-17,미지급금,거래처-004,764577,박전표,False
JE-000201,2025-04-17,매입,거래처-003,5279177,박전표,False
JE-003394,2025-04-17,미수금,거래처-008,811365,이감사,False
JE-000196,2025-04-17,매출원가,거래처-007,1801027,이감사,False
JE-001666,2025-04-17,매입,거래처-016,4505146,박전표,False
JE-001000,2025-04-17,판매비와관리비,거래처-020,684092,박전표,False
JE-003910,2025-04-17,매입,거래처-031,7556254,이감사,False
JE-000456,2025-04-17,미지급금,거래처-031,322115,이감사,False
JE-001568,2025-04-18,매입,거래처-008,108857,최담당,False
JE-001081,2025-04-18,매출원가,거래처-034,5151332,박전표,False
JE-002779,2025-04-18,미지급금,거래처-038,140701,이감사,False
JE-001482,2025-04-18,매입,거래처-030,845570,김회계,False
JE-001075,2025-04-18,판매비와관리비,거래처-003,126139,박전표,False
JE-003288,2025-04-18,판매비와관리비,거래처-031,255330,이감사,False
JE-002782,2025-04-18,미지급금,거래처-022,171844,최담당,False
JE-003946,2025-04-18,매출,거래처-007,189251,박전표,False
JE-002928,2025-04-18,미수금,거래처-029,141799,박전표,False
JE-003853,2025-04-18,미수금,거래처-002,7426,최담당,False
JE-002978,2025-04-18,판매비와관리비,거래처-005,109753,최담당,False
JE-001515,2025-04-18,판매비와관리비,거래처-024,2559959,최담당,False
JE-003732,2025-04-18,미수금,거래처-016,3735576,최담당,False
JE-003398,2025-04-18,매출원가,거래처-040,4893387,이감사,False
JE-001185,2025-04-18,매출원가,거래처-024,576132,박전표,False
JE-000921,2025-04-18,미수금,거래처-020,2125863,김회계,False
JE-000774,2025-04-18,미지급금,거래처-034,532311,김회계,False
JE-000190,2025-04-18,미수금,거래처-016,1571443,최담당,False
JE-004030,2025-04-18,매출원가,거래처-030,637155,이감사,False
JE-001988,2025-04-19,판매비와관리비,거래처-026,174389,최담당,False
JE-003664,2025-04-19,판매비와관리비,거래처-020,195842,박전표,False
JE-000693,2025-04-19,매출원가,거래처-017,720638,이감사,False
JE-000700,2025-04-19,매입,거래처-021,399537,박전표,False
JE-002764,2025-04-19,매출원가,거래처-037,2653031,최담당,False
JE-002048,2025-04-19,매출,거래처-023,1136125,김회계,False
JE-001725,2025-04-19,매입,거래처-021,3192209,이감사,False
JE-001057,2025-04-19,매입,거래처-009,806386,최담당,False
JE-003512,2025-04-19,매출원가,거래처-021,2285538,최담당,False
JE-002866,2025-04-19,미수금,거래처-017,3269137,박전표,False
JE-002173,2025-04-19,매출,거래처-017,1866573,김회계,False
JE-003901,2025-04-19,매출원가,거래처-038,2508007,박전표,False
JE-001813,2025-04-19,매출,거래처-037,3588963,최담당,False
JE-002848,2025-04-19,미수금,거래처-023,55826,이감사,False
JE-002780,2025-04-20,매출원가,거래처-027,115549,이감사,False
JE-002361,2025-04-20,미지급금,거래처-009,54992,박전표,False
JE-003550,2025-04-20,판매비와관리비,거래처-018,2582119,최담당,False
JE-001342,2025-04-20,미지급금,거래처-021,1246771,박전표,False
JE-003262,2025-04-20,매입,거래처-003,511725,이감사,False
JE-003252,2025-04-20,판매비와관리비,거래처-011,2579191,김회계,False
JE-003069,2025-04-20,판매비와관리비,거래처-014,537647,최담당,False
JE-002234,2025-04-20,매출,거래처-004,42523,김회계,False
JE-003830,2025-04-20,미수금,거래처-012,249823,이감사,False
JE-001145,2025-04-20,미지급금,거래처-012,47176,최담당,False
JE-002624,2025-04-20,미수금,거래처-034,24091798,박전표,False
JE-003118,2025-04-20,미수금,거래처-026,527178,최담당,False
JE-002766,2025-04-20,매입,거래처-013,117682,최담당,False
JE-002612,2025-04-20,매출,거래처-020,1548381,박전표,False
JE-003157,2025-04-20,미수금,거래처-023,3500112,김회계,False
JE-002574,2025-04-20,매출,거래처-031,4111794,이감사,False
JE-003979,2025-04-20,미지급금,거래처-007,4396350,박전표,False
JE-001065,2025-04-20,미지급금,거래처-021,2936970,최담당,False
JE-000413,2025-04-21,매입,거래처-026,2560596,박전표,False
JE-003747,2025-04-21,미지급금,거래처-025,2000000,김회계,True
JE-000328,2025-04-21,매출원가,거래처-021,502544,최담당,False
JE-003205,2025-04-21,매입,거래처-014,5721433,박전표,False
JE-003836,2025-04-21,미지급금,거래처-037,9998376,김회계,True
JE-000097,2025-04-21,매입,거래처-004,268938,김회계,False
JE-002224,2025-04-21,매입,거래처-012,837695,최담당,False
JE-003508,2025-04-21,매출원가,거래처-039,89421,박전표,False
JE-003993,2025-04-21,미수금,거래처-040,1005867,최담당,False
JE-002892,2025-04-22,미수금,거래처-025,140204,이감사,False
JE-000070,2025-04-22,매출,거래처-039,728759,이감사,False
JE-002686,2025-04-22,매출,거래처-007,1171260,박전표,False
JE-002644,2025-04-22,판매비와관리비,거래처-003,1415587,박전표,False
JE-000250,2025-04-22,매입,거래처-012,73515,이감사,False
JE-002589,2025-04-22,판매비와관리비,거래처-010,448129,최담당,False
JE-001043,2025-04-22,매출원가,거래처-034,9996454,최담당,True
JE-001823,2025-04-22,미수금,거래처-031,1266075,이감사,False
JE-002278,2025-04-22,판매비와관리비,거래처-001,11181227,최담당,False
JE-003703,2025-04-22,매입,거래처-003,1566018,박전표,False
JE-000211,2025-04-22,매출,거래처-013,10785767,최담당,False
JE-000342,2025-04-22,매출원가,거래처-034,920639,박전표,False
JE-002418,2025-04-22,매출원가,거래처-040,2259043,최담당,False
JE-003073,2025-04-22,매출,거래처-027,2605786,이감사,False
JE-001751,2025-04-22,판매비와관리비,거래처-029,1400536,박전표,False
JE-002067,2025-04-22,매입,거래처-014,1310521,박전표,False
JE-002835,2025-04-23,매출,거래처-035,99091,김회계,False
JE-000976,2025-04-23,매출원가,거래처-003,331509,이감사,False
JE-000221,2025-04-23,미수금,거래처-035,738806,김회계,False
JE-002802,2025-04-23,매출원가,거래처-018,1657995,이감사,False
JE-003116,2025-04-23,매출,거래처-016,988308,이감사,False
JE-004041,2025-04-23,미수금,거래처-015,18146869,김회계,False
JE-002579,2025-04-23,매출,거래처-004,289343,최담당,False
JE-003318,2025-04-23,미수금,거래처-012,1480555,김회계,False
JE-001500,2025-04-23,매출,거래처-036,492822,이감사,False
JE-000808,2025-04-23,매출원가,거래처-002,289508,김회계,False
JE-000581,2025-04-24,매출,거래처-035,679357,최담당,False
JE-002690,2025-04-24,미지급금,거래처-010,486307,이감사,False
JE-001972,2025-04-24,판매비와관리비,거래처-002,1219161,이감사,False
JE-002726,2025-04-24,매출,거래처-005,2422220,박전표,False
JE-002393,2025-04-24,판매비와관리비,거래처-036,219695,이감사,False
JE-001630,2025-04-24,미지급금,거래처-037,900205,박전표,False
JE-001684,2025-04-24,미수금,거래처-013,4280627,이감사,False
JE-001344,2025-04-24,판매비와관리비,거래처-034,9996863,이감사,True
JE-002116,2025-04-24,매출,거래처-025,143059,김회계,False
JE-001790,2025-04-24,매입,거래처-039,236828,이감사,False
JE-000641,2025-04-25,미지급금,거래처-028,7470558,최담당,False
JE-004020,2025-04-25,매출,거래처-005,567914,최담당,False
JE-002719,2025-04-25,매입,거래처-019,458722,박전표,False
JE-003583,2025-04-25,매출원가,거래처-030,2728011,이감사,False
JE-001664,2025-04-25,미수금,거래처-022,310496,이감사,False
JE-002230,2025-04-25,매출원가,거래처-028,856210,이감사,False
JE-003037,2025-04-25,미수금,거래처-038,25369,이감사,False
JE-000855,2025-04-25,판매비와관리비,거래처-006,608609,이감사,False
JE-002262,2025-04-26,매입,거래처-006,1804692,최담당,False
JE-002575,2025-04-26,판매비와관리비,거래처-015,17830,이감사,False
JE-000464,2025-04-26,매입,거래처-017,4271548,박전표,False
JE-001249,2025-04-26,매입,거래처-007,12045,최담당,False
JE-000064,2025-04-26,매출,거래처-001,150349,김회계,False
JE-001345,2025-04-26,미수금,거래처-031,29069,박전표,False
JE-002864,2025-04-26,미지급금,거래처-024,1280920,이감사,False
JE-001052,2025-04-26,매출,거래처-040,492269,최담당,False
JE-004080,2025-04-26,매출,거래처-008,178541,이감사,False
JE-000205,2025-04-26,미지급금,거래처-006,39127,최담당,False
JE-001597,2025-04-26,미수금,거래처-038,1257586,최담당,False
JE-003142,2025-04-27,미수금,거래처-033,2608981,최담당,False
JE-003887,2025-04-27,미수금,거래처-038,7092888,이감사,False
JE-000747,2025-04-27,매출,거래처-014,2004465,최담당,False
JE-000650,2025-04-27,매출원가,거래처-018,439855,이감사,False
JE-000485,2025-04-27,매출,거래처-031,217757,최담당,False
JE-001870,2025-04-27,판매비와관리비,거래처-001,2458388,김회계,False
JE-003749,2025-04-27,매입,거래처-040,43168,최담당,False
JE-001193,2025-04-27,매입,거래처-016,1057557,김회계,False
JE-000407,2025-04-27,매출원가,거래처-013,9105864,이감사,False
JE-002019,2025-04-27,미지급금,거래처-026,999331,이감사,False
JE-003239,2025-04-27,매출,거래처-001,1785599,박전표,False
JE-001583,2025-04-27,판매비와관리비,거래처-005,8855608,박전표,False
JE-003272,2025-04-27,매입,거래처-023,16279010,이감사,False
JE-002496,2025-04-28,매출,거래처-039,110415,김회계,False
JE-002511,2025-04-28,매입,거래처-018,931080,박전표,False
JE-004095,2025-04-28,매출,거래처-027,1171333,김회계,False
JE-002426,2025-04-28,판매비와관리비,거래처-011,305574,최담당,False
JE-002837,2025-04-28,판매비와관리비,거래처-032,84652,최담당,False
JE-000580,2025-04-28,미지급금,거래처-028,1773088,최담당,False
JE-001067,2025-04-28,매출원가,거래처-004,118984,박전표,False
JE-000757,2025-04-28,미수금,거래처-024,25951,이감사,False
JE-001130,2025-04-28,판매비와관리비,거래처-008,198649,최담당,False
JE-003670,2025-04-28,미지급금,거래처-025,9996922,박전표,True
JE-003241,2025-04-28,판매비와관리비,거래처-008,822941,이감사,False
JE-003253,2025-04-28,미지급금,거래처-038,57041,박전표,False
JE-001169,2025-04-28,매출원가,거래처-012,352150,최담당,False
JE-002231,2025-04-29,미수금,거래처-014,1329215,이감사,False
JE-003916,2025-04-29,매출,거래처-006,139101,이감사,False
JE-000311,2025-04-29,미수금,거래처-039,12943417,김회계,False
JE-002576,2025-04-29,미지급금,거래처-035,113839,박전표,False
JE-000047,2025-04-29,미지급금,거래처-007,2814511,최담당,False
JE-001194,2025-04-29,미지급금,거래처-009,350058,이감사,False
JE-000327,2025-04-29,미수금,거래처-020,871665,박전표,False
JE-003529,2025-04-30,매출원가,거래처-031,5761442,최담당,False
JE-003335,2025-04-30,매출원가,거래처-017,139858,최담당,False
JE-000131,2025-04-30,매입,거래처-006,958201,김회계,False
JE-000486,2025-04-30,판매비와관리비,거래처-026,1002218,박전표,False
JE-003460,2025-04-30,미지급금,거래처-032,197428,이감사,False
JE-002397,2025-04-30,매입,거래처-007,1077945,박전표,False
JE-001237,2025-04-30,매출,거래처-027,286936,최담당,False
JE-000591,2025-04-30,미수금,거래처-031,60839,김회계,False
JE-002352,2025-04-30,매출원가,거래처-030,126840,최담당,False
JE-001631,2025-04-30,매출원가,거래처-027,128667,이감사,False
JE-000046,2025-04-30,미수금,거래처-011,4092020,박전표,False
JE-002850,2025-04-30,매출원가,거래처-035,215407,박전표,False
JE-003548,2025-05-01,판매비와관리비,거래처-009,1134881,이감사,False
JE-004026,2025-05-01,미수금,거래처-031,59781,김회계,False
JE-003640,2025-05-01,매출,거래처-007,456140,최담당,False
JE-003857,2025-05-01,미수금,거래처-017,139445,김회계,False
JE-000054,2025-05-01,미수금,거래처-009,237962,박전표,False
JE-004086,2025-05-01,매입,거래처-025,70268,박전표,False
JE-001989,2025-05-01,판매비와관리비,거래처-012,715448,김회계,False
JE-002972,2025-05-01,매출원가,거래처-009,357207,이감사,False
JE-001717,2025-05-01,매출,거래처-031,661671,김회계,False
JE-003537,2025-05-01,매출,거래처-025,145169,최담당,False
JE-000528,2025-05-01,판매비와관리비,거래처-012,666433,이감사,False
JE-002692,2025-05-02,미수금,거래처-039,312752,김회계,False
JE-000945,2025-05-02,판매비와관리비,거래처-024,1446453,김회계,False
JE-002636,2025-05-02,미수금,거래처-025,561570,김회계,False
JE-002789,2025-05-02,매입,거래처-040,5933136,박전표,False
JE-002187,2025-05-02,매출원가,거래처-007,1759770,이감사,False
JE-001938,2025-05-02,매출,거래처-003,2778141,최담당,False
JE-002008,2025-05-02,미지급금,거래처-032,12689297,박전표,False
JE-000670,2025-05-02,미지급금,거래처-025,13323,박전표,False
JE-001620,2025-05-02,미지급금,거래처-018,792920,최담당,False
JE-003214,2025-05-02,판매비와관리비,거래처-016,37667,최담당,False
JE-001021,2025-05-02,매입,거래처-034,40416,이감사,False
JE-002190,2025-05-03,미수금,거래처-003,255457,이감사,False
JE-003427,2025-05-03,매출원가,거래처-010,2592185,김회계,False
JE-003760,2025-05-03,미지급금,거래처-025,228519,김회계,False
JE-001417,2025-05-03,매출,거래처-024,371707,이감사,False
JE-001026,2025-05-03,미지급금,거래처-015,1462730,최담당,False
JE-002367,2025-05-03,매입,거래처-010,2195189,최담당,False
JE-004111,2025-05-03,매출원가,거래처-030,1622796,김회계,False
JE-000147,2025-05-03,매출,거래처-020,3978930,최담당,False
JE-002689,2025-05-03,판매비와관리비,거래처-005,4798716,최담당,False
JE-000234,2025-05-03,미지급금,거래처-012,207407,최담당,False
JE-004013,2025-05-03,매출원가,거래처-019,171050,김회계,False
JE-003052,2025-05-03,매출원가,거래처-003,59356,최담당,False
JE-001326,2025-05-03,매출,거래처-036,4806700,김회계,False
JE-000169,2025-05-04,미지급금,거래처-020,219762,이감사,False
JE-002722,2025-05-04,미지급금,거래처-022,139909,최담당,False
JE-000153,2025-05-04,미지급금,거래처-019,2796492,박전표,False
JE-000245,2025-05-04,매출원가,거래처-030,178967,박전표,False
JE-002396,2025-05-04,미지급금,거래처-030,200869,박전표,False
JE-001567,2025-05-04,판매비와관리비,거래처-006,126996,김회계,False
JE-001943,2025-05-04,판매비와관리비,거래처-003,433275,이감사,False
JE-002239,2025-05-04,매출,거래처-026,706556,최담당,False
JE-001623,2025-05-04,매출,거래처-013,853246,김회계,False
JE-001628,2025-05-04,매출원가,거래처-026,1615988,박전표,False
JE-001370,2025-05-04,매출,거래처-032,1195893,박전표,False
JE-000892,2025-05-04,매출,거래처-036,4693050,김회계,False
JE-002133,2025-05-04,미지급금,거래처-027,1599131,김회계,False
JE-000850,2025-05-05,미지급금,거래처-031,171342,이감사,False
JE-003360,2025-05-05,매출원가,거래처-039,1848561,박전표,False
JE-000645,2025-05-05,매출,거래처-001,97488986,김회계,False
JE-000560,2025-05-05,매출,거래처-025,82934,최담당,False
JE-000284,2025-05-05,미지급금,거래처-006,2793266,김회계,False
JE-002962,2025-05-05,매출원가,거래처-001,1044319,이감사,False
JE-003041,2025-05-05,미수금,거래처-021,137268,이감사,False
JE-002932,2025-05-05,매출원가,거래처-026,183417,박전표,False
JE-001184,2025-05-05,매출,거래처-018,191806,최담당,False
JE-001202,2025-05-05,매입,거래처-023,162048,최담당,False
JE-003278,2025-05-06,매출,거래처-035,155720,이감사,False
JE-003261,2025-05-06,미지급금,거래처-026,2948746,최담당,False
JE-003359,2025-05-06,미수금,거래처-010,1793423,이감사,False
JE-002801,2025-05-06,미수금,거래처-025,3000000,박전표,True
JE-003759,2025-05-06,판매비와관리비,거래처-016,15372586,김회계,False
JE-001246,2025-05-06,매출,거래처-005,3346032,이감사,False
JE-003799,2025-05-06,판매비와관리비,거래처-010,848438,이감사,False
JE-002271,2025-05-06,미수금,거래처-015,6356050,김회계,False
JE-003710,2025-05-06,매출,거래처-036,982332,박전표,False
JE-002551,2025-05-06,미수금,거래처-018,264817,최담당,False
JE-000496,2025-05-06,매출원가,거래처-022,419890,박전표,False
JE-003201,2025-05-06,미지급금,거래처-019,3000000,김회계,True
JE-002236,2025-05-06,판매비와관리비,거래처-023,798315,김회계,False
JE-000355,2025-05-06,미지급금,거래처-017,2000000,최담당,True
JE-001586,2025-05-06,매출,거래처-037,1359272,박전표,False
JE-001944,2025-05-06,판매비와관리비,거래처-005,914974,박전표,False
JE-003622,2025-05-07,매출원가,거래처-014,8867456,이감사,False
JE-001469,2025-05-07,미수금,거래처-017,1442370,박전표,False
JE-003576,2025-05-07,미수금,거래처-010,348222,박전표,False
JE-004091,2025-05-07,매출,거래처-021,210584,최담당,False
JE-002529,2025-05-08,미수금,거래처-022,157796,박전표,False
JE-003811,2025-05-08,미수금,거래처-040,9996980,박전표,True
JE-002148,2025-05-08,미지급금,거래처-019,9126536,이감사,False
JE-000332,2025-05-08,매출원가,거래처-019,974912,최담당,False
JE-000354,2025-05-08,미수금,거래처-024,15822,김회계,False
JE-003092,2025-05-08,매출원가,거래처-033,104134,박전표,False
JE-003371,2025-05-08,미지급금,거래처-023,1770170,최담당,False
JE-000246,2025-05-08,매출,거래처-028,1747644,박전표,False
JE-000711,2025-05-08,판매비와관리비,거래처-025,360478,김회계,False
JE-003064,2025-05-08,미지급금,거래처-003,147468,최담당,False
JE-004104,2025-05-08,매입,거래처-040,335715,박전표,False
JE-000603,2025-05-08,판매비와관리비,거래처-001,264157,김회계,False
JE-002491,2025-05-08,매입,거래처-008,80704,이감사,False
JE-000524,2025-05-08,매출,거래처-020,266894,최담당,False
JE-000088,2025-05-08,매출,거래처-019,3791653,이감사,False
JE-003295,2025-05-08,매입,거래처-012,59999,김회계,False
JE-001300,2025-05-08,판매비와관리비,거래처-003,6842189,이감사,False
JE-000248,2025-05-09,매출,거래처-040,8736395,최담당,False
JE-000274,2025-05-09,매입,거래처-002,4583566,박전표,False
JE-000882,2025-05-09,매출,거래처-019,23065635,최담당,False
JE-001473,2025-05-09,매출,거래처-036,401333,이감사,False
JE-000995,2025-05-09,매출원가,거래처-026,411808,최담당,False
JE-000470,2025-05-09,매입,거래처-004,368587,최담당,False
JE-003582,2025-05-09,미수금,거래처-027,829827,최담당,False
JE-000870,2025-05-10,매출,거래처-015,168687,김회계,False
JE-002639,2025-05-10,매출,거래처-033,297388,이감사,False
JE-000897,2025-05-10,미수금,거래처-020,2510679,이감사,False
JE-001762,2025-05-10,매입,거래처-031,1172989,이감사,False
JE-001557,2025-05-10,미지급금,거래처-004,2017459,박전표,False
JE-000370,2025-05-10,매출원가,거래처-032,215521,박전표,False
JE-002878,2025-05-10,매출,거래처-031,591408,김회계,False
JE-003636,2025-05-10,판매비와관리비,거래처-019,198259,최담당,False
JE-000908,2025-05-10,매출,거래처-007,1563699,박전표,False
JE-000754,2025-05-10,미수금,거래처-002,144308,최담당,False
JE-000713,2025-05-11,매출,거래처-024,35116,박전표,False
JE-000827,2025-05-11,매출원가,거래처-009,552011,최담당,False
JE-000506,2025-05-11,미수금,거래처-038,77060,박전표,False
JE-003054,2025-05-11,미수금,거래처-019,2790085,이감사,False
JE-004085,2025-05-11,매출원가,거래처-038,139309,김회계,False
JE-000162,2025-05-11,매입,거래처-032,1585160,박전표,False
JE-003138,2025-05-11,매출,거래처-026,5000000,이감사,True
JE-000491,2025-05-11,판매비와관리비,거래처-038,5849422,박전표,False
JE-002203,2025-05-11,판매비와관리비,거래처-018,1013233,김회계,False
JE-000319,2025-05-11,매입,거래처-017,443023,김회계,False
JE-000301,2025-05-11,미수금,거래처-006,1606376,김회계,False
JE-001752,2025-05-11,미지급금,거래처-016,219080,이감사,False
JE-000458,2025-05-11,판매비와관리비,거래처-012,6407590,박전표,False
JE-003347,2025-05-11,매입,거래처-032,2007845,이감사,False
JE-002776,2025-05-11,매출원가,거래처-036,2002649,박전표,False
JE-003158,2025-05-12,판매비와관리비,거래처-023,2160042,이감사,False
JE-000617,2025-05-12,매출,거래처-005,907998,최담당,False
JE-001723,2025-05-12,매입,거래처-035,1105372,최담당,False
JE-002891,2025-05-12,매출원가,거래처-040,260113,최담당,False
JE-000678,2025-05-12,매출원가,거래처-007,2240392,최담당,False
JE-003000,2025-05-12,매출원가,거래처-040,298831,최담당,False
JE-002584,2025-05-12,미지급금,거래처-014,166447,이감사,False
JE-001099,2025-05-12,매출원가,거래처-013,194435,김회계,False
JE-004115,2025-05-12,미지급금,거래처-023,1429044,이감사,False
JE-004029,2025-05-12,매입,거래처-004,499914,이감사,False
JE-001865,2025-05-12,미수금,거래처-028,776274,최담당,False
JE-003407,2025-05-12,판매비와관리비,거래처-008,1144975,이감사,False
JE-004012,2025-05-12,매출원가,거래처-026,4580003,김회계,False
JE-001220,2025-05-12,매입,거래처-018,555958,김회계,False
JE-001753,2025-05-12,매출,거래처-021,960430,최담당,False
JE-000640,2025-05-12,매입,거래처-017,881479,최담당,False
JE-003115,2025-05-12,미수금,거래처-004,744168,박전표,False
JE-000304,2025-05-12,매출,거래처-004,2873009,김회계,False
JE-001616,2025-05-12,미지급금,거래처-024,97240,이감사,False
JE-001979,2025-05-12,매출,거래처-029,194470,박전표,False
JE-002442,2025-05-12,미지급금,거래처-008,4023070,김회계,False
JE-001771,2025-05-13,판매비와관리비,거래처-021,2041760,박전표,False
JE-002170,2025-05-13,매입,거래처-028,487089,최담당,False
JE-000896,2025-05-13,미지급금,거래처-027,677023,박전표,False
JE-001532,2025-05-13,미지급금,거래처-009,1349922,박전표,False
JE-003411,2025-05-13,판매비와관리비,거래처-013,182359,박전표,False
JE-001726,2025-05-13,판매비와관리비,거래처-012,9604918,박전표,False
JE-000964,2025-05-13,매출원가,거래처-036,859482,이감사,False
JE-001835,2025-05-13,판매비와관리비,거래처-010,1021790,박전표,False
JE-002950,2025-05-13,판매비와관리비,거래처-040,173514,김회계,False
JE-003123,2025-05-13,매출,거래처-040,1029061,최담당,False
JE-000989,2025-05-13,판매비와관리비,거래처-019,88692,박전표,False
JE-001588,2025-05-14,미수금,거래처-035,56272,박전표,False
JE-004062,2025-05-14,미지급금,거래처-014,1763787,최담당,False
JE-000958,2025-05-14,매입,거래처-009,348097,최담당,False
JE-003939,2025-05-14,매입,거래처-031,632280,김회계,False
JE-002473,2025-05-14,미지급금,거래처-028,1308917,박전표,False
JE-001410,2025-05-14,매출원가,거래처-029,142487,최담당,False
JE-001111,2025-05-14,미지급금,거래처-008,108943,박전표,False
JE-000910,2025-05-14,판매비와관리비,거래처-015,1335416,최담당,False
JE-002439,2025-05-14,미지급금,거래처-003,1000000,이감사,True
JE-002015,2025-05-14,매출원가,거래처-033,230690,김회계,False
JE-000488,2025-05-14,매입,거래처-031,1569395,최담당,False
JE-000425,2025-05-14,판매비와관리비,거래처-006,77014,이감사,False
JE-002995,2025-05-14,매출원가,거래처-037,3465026,이감사,False
JE-002736,2025-05-14,미지급금,거래처-002,2775046,박전표,False
JE-004037,2025-05-14,매입,거래처-008,9602165,김회계,False
JE-000057,2025-05-15,판매비와관리비,거래처-027,81080,최담당,False
JE-000533,2025-05-15,매출원가,거래처-013,1613875,최담당,False
JE-001287,2025-05-15,판매비와관리비,거래처-010,550212,최담당,False
JE-000846,2025-05-15,미지급금,거래처-014,630713,박전표,False
JE-003773,2025-05-15,매출원가,거래처-013,9996382,박전표,True
JE-003300,2025-05-15,매입,거래처-021,58921,이감사,False
JE-001331,2025-05-15,매입,거래처-001,743620,최담당,False
JE-003881,2025-05-15,미지급금,거래처-005,243442,김회계,False
JE-004082,2025-05-15,미수금,거래처-009,8963,최담당,False
JE-003083,2025-05-15,미수금,거래처-011,35007,최담당,False
JE-003384,2025-05-15,매출원가,거래처-004,862426,김회계,False
JE-000847,2025-05-15,매출,거래처-020,487398,김회계,False
JE-002626,2025-05-15,매출,거래처-027,7754856,박전표,False
JE-002363,2025-05-16,미수금,거래처-018,90740,이감사,False
JE-002192,2025-05-16,매입,거래처-030,344192,최담당,False
JE-001133,2025-05-16,미수금,거래처-024,1541112,최담당,False
JE-001374,2025-05-16,매입,거래처-040,3765303,이감사,False
JE-002569,2025-05-16,미수금,거래처-032,183258,이감사,False
JE-003863,2025-05-16,매입,거래처-030,1414412,이감사,False
JE-002098,2025-05-16,매입,거래처-003,389430,최담당,False
JE-002503,2025-05-16,매출원가,거래처-002,208337,김회계,False
JE-001329,2025-05-17,매출원가,거래처-026,118891,김회계,False
JE-000782,2025-05-17,판매비와관리비,거래처-028,285986,김회계,False
JE-002082,2025-05-17,미지급금,거래처-007,843052,이감사,False
JE-001231,2025-05-17,매출,거래처-008,4440981,김회계,False
JE-001369,2025-05-17,매출원가,거래처-025,2105454,이감사,False
JE-003875,2025-05-17,판매비와관리비,거래처-004,1733773,김회계,False
JE-000430,2025-05-17,미수금,거래처-019,286992,이감사,False
JE-002679,2025-05-17,미지급금,거래처-029,45564,박전표,False
JE-000318,2025-05-17,매출원가,거래처-039,6353,이감사,False
JE-002325,2025-05-17,미지급금,거래처-004,1136727,김회계,False
JE-000353,2025-05-17,매출,거래처-003,10064919,이감사,False
JE-001406,2025-05-17,매출원가,거래처-008,33071342,최담당,False
JE-002431,2025-05-17,미수금,거래처-031,1257123,최담당,False
JE-000419,2025-05-17,매입,거래처-022,438931,박전표,False
JE-001487,2025-05-18,매출원가,거래처-027,107089,박전표,False
JE-000900,2025-05-18,판매비와관리비,거래처-002,10000000,김회계,True
JE-003542,2025-05-18,판매비와관리비,거래처-023,138894,최담당,False
JE-002193,2025-05-18,미지급금,거래처-035,621732,이감사,False
JE-001864,2025-05-18,매출원가,거래처-003,215154,박전표,False
JE-000081,2025-05-18,매출,거래처-007,1224386,최담당,False
JE-000264,2025-05-18,판매비와관리비,거래처-020,624272,이감사,False
JE-002920,2025-05-18,매출,거래처-010,312668,박전표,False
JE-001123,2025-05-18,매입,거래처-037,979685,김회계,False
JE-002680,2025-05-19,미지급금,거래처-020,18656,김회계,False
JE-003216,2025-05-19,미수금,거래처-026,783443,김회계,False
JE-000920,2025-05-19,매입,거래처-002,1207507,박전표,False
JE-003243,2025-05-19,매출원가,거래처-026,2727018,박전표,False
JE-001210,2025-05-19,판매비와관리비,거래처-002,282334,박전표,False
JE-001549,2025-05-19,매출원가,거래처-021,3909591,이감사,False
JE-003417,2025-05-19,매출원가,거래처-013,13444466,이감사,False
JE-001764,2025-05-19,미수금,거래처-009,2030714,김회계,False
JE-000715,2025-05-19,매출원가,거래처-002,1358048,김회계,False
JE-003809,2025-05-19,미지급금,거래처-029,37633,김회계,False
JE-003274,2025-05-19,매입,거래처-004,1052562,김회계,False
JE-001521,2025-05-19,판매비와관리비,거래처-036,1536158,박전표,False
JE-001035,2025-05-20,매출,거래처-030,10000000,박전표,True
JE-003574,2025-05-20,매출,거래처-037,394715,박전표,False
JE-000185,2025-05-20,매출원가,거래처-023,547229,김회계,False
JE-003314,2025-05-20,판매비와관리비,거래처-030,1165539,박전표,False
JE-002281,2025-05-20,매입,거래처-027,621272,김회계,False
JE-000045,2025-05-20,미지급금,거래처-001,51906,박전표,False
JE-001312,2025-05-20,판매비와관리비,거래처-002,48672,김회계,False
JE-000080,2025-05-20,미지급금,거래처-013,6331199,최담당,False
JE-001741,2025-05-20,판매비와관리비,거래처-005,559590,이감사,False
JE-001178,2025-05-20,매입,거래처-037,6182634,김회계,False
JE-001009,2025-05-20,매입,거래처-021,785382,김회계,False
JE-000063,2025-05-20,매출,거래처-007,6517852,이감사,False
JE-001247,2025-05-21,매입,거래처-014,252814,최담당,False
JE-003186,2025-05-21,매출,거래처-026,360395,최담당,False
JE-000606,2025-05-21,매입,거래처-039,142724,김회계,False
JE-002054,2025-05-21,매출원가,거래처-011,10000000,최담당,True
JE-004136,2025-05-21,매출,거래처-039,1037158,이감사,False
JE-000663,2025-05-21,매입,거래처-013,1065465,이감사,False
JE-002723,2025-05-21,미지급금,거래처-039,6611876,김회계,False
JE-003136,2025-05-21,미지급금,거래처-007,246713,김회계,False
JE-000316,2025-05-21,매출원가,거래처-026,2777284,이감사,False
JE-001892,2025-05-21,미수금,거래처-025,673416,이감사,False
JE-003380,2025-05-21,미지급금,거래처-006,701604,김회계,False
JE-003593,2025-05-21,미지급금,거래처-003,798424,최담당,False
JE-004147,2025-05-22,미수금,거래처-010,3775826,이감사,False
JE-003675,2025-05-22,미수금,거래처-025,98666,김회계,False
JE-000901,2025-05-22,매출,거래처-033,2161389,김회계,False
JE-003700,2025-05-22,매출원가,거래처-022,2733632,김회계,False
JE-002902,2025-05-22,미수금,거래처-030,136578,박전표,False
JE-003376,2025-05-22,매출,거래처-034,1120248,최담당,False
JE-000832,2025-05-22,판매비와관리비,거래처-032,3589423,박전표,False
JE-000573,2025-05-22,판매비와관리비,거래처-020,1489313,이감사,False
JE-002710,2025-05-22,매출,거래처-029,423637,최담당,False
JE-000132,2025-05-22,매출원가,거래처-005,29359,김회계,False
JE-004054,2025-05-22,매출,거래처-006,4538662,이감사,False
JE-002494,2025-05-22,매입,거래처-017,1250596,김회계,False
JE-003848,2025-05-22,미수금,거래처-022,1472378,이감사,False
JE-002005,2025-05-22,미수금,거래처-018,3959003,김회계,False
JE-003931,2025-05-22,매출원가,거래처-034,400443,이감사,False
JE-003660,2025-05-23,미수금,거래처-039,294763,박전표,False
JE-003621,2025-05-23,미지급금,거래처-016,551309,김회계,False
JE-003653,2025-05-23,매출원가,거래처-016,26456,박전표,False
JE-000621,2025-05-23,판매비와관리비,거래처-012,6654023,박전표,False
JE-003895,2025-05-23,미지급금,거래처-022,241149,최담당,False
JE-001017,2025-05-23,판매비와관리비,거래처-035,782884,이감사,False
JE-000745,2025-05-23,매출,거래처-024,1399495,박전표,False
JE-000340,2025-05-23,매출원가,거래처-011,400447,이감사,False
JE-002449,2025-05-23,판매비와관리비,거래처-004,138017,김회계,False
JE-002273,2025-05-23,매출원가,거래처-037,261769,박전표,False
JE-002526,2025-05-23,미지급금,거래처-032,848604,김회계,False
JE-002885,2025-05-23,매입,거래처-023,130494,김회계,False
JE-001910,2025-05-24,미수금,거래처-026,581134,김회계,False
JE-001340,2025-05-24,매입,거래처-017,228244,김회계,False
JE-002517,2025-05-24,판매비와관리비,거래처-005,3440253,김회계,False
JE-000505,2025-05-24,판매비와관리비,거래처-034,45749,이감사,False
JE-002555,2025-05-24,판매비와관리비,거래처-034,1032648,최담당,False
JE-001795,2025-05-24,매출원가,거래처-007,3071536,이감사,False
JE-002053,2025-05-24,매출원가,거래처-035,120189,박전표,False
JE-000466,2025-05-24,미지급금,거래처-023,1586597,최담당,False
JE-002981,2025-05-24,판매비와관리비,거래처-008,199750,최담당,False
JE-003741,2025-05-24,매입,거래처-039,2101591,이감사,False
JE-003987,2025-05-24,미수금,거래처-013,43289,김회계,False
JE-003469,2025-05-24,미수금,거래처-013,479981,박전표,False
JE-001758,2025-05-24,매출,거래처-008,1350414,이감사,False
JE-003560,2025-05-24,매출,거래처-009,1668082,이감사,False
JE-003227,2025-05-24,매입,거래처-032,143541,이감사,False
JE-001403,2025-05-24,매출,거래처-016,1292106,최담당,False
JE-000116,2025-05-24,매출,거래처-023,209001,최담당,False
JE-002291,2025-05-24,매출원가,거래처-035,11879149,박전표,False
JE-002311,2025-05-24,미수금,거래처-023,6034832,최담당,False
JE-004051,2025-05-24,미지급금,거래처-017,70868,박전표,False
JE-000597,2025-05-24,미지급금,거래처-002,2097087,이감사,False
JE-001168,2025-05-25,미지급금,거래처-012,467331,최담당,False
JE-002066,2025-05-25,매입,거래처-001,4374055,박전표,False
JE-000924,2025-05-25,매출원가,거래처-007,311900,최담당,False
JE-001423,2025-05-25,매출원가,거래처-016,83609,최담당,False
JE-002189,2025-05-25,매입,거래처-002,2659574,이감사,False
JE-000102,2025-05-25,매출,거래처-014,74154,최담당,False
JE-003634,2025-05-25,미수금,거래처-028,6107637,최담당,False
JE-001890,2025-05-25,매출,거래처-024,93171,박전표,False
JE-000571,2025-05-25,매입,거래처-001,616656,박전표,False
JE-002453,2025-05-25,매출,거래처-027,665885,최담당,False
JE-000193,2025-05-26,매출,거래처-013,221865,최담당,False
JE-002826,2025-05-26,매출원가,거래처-017,1063325,박전표,False
JE-000098,2025-05-26,매출,거래처-031,92078,최담당,False
JE-001918,2025-05-26,미수금,거래처-004,9997751,김회계,True
JE-003481,2025-05-26,미수금,거래처-007,245099,최담당,False
JE-003684,2025-05-26,매출원가,거래처-035,582113,김회계,False
JE-002321,2025-05-26,미지급금,거래처-004,20018,박전표,False
JE-000550,2025-05-26,판매비와관리비,거래처-019,150806,최담당,False
JE-004017,2025-05-26,매입,거래처-007,22064,김회계,False
JE-001399,2025-05-26,매출,거래처-001,556077,최담당,False
JE-002365,2025-05-26,미지급금,거래처-038,136415,박전표,False
JE-001913,2025-05-26,매출원가,거래처-021,227797,김회계,False
JE-000108,2025-05-26,매출원가,거래처-009,5421,김회계,False
JE-003678,2025-05-27,미지급금,거래처-014,713926,김회계,False
JE-001958,2025-05-27,매출,거래처-018,1181723,최담당,False
JE-002960,2025-05-27,미수금,거래처-005,907854,김회계,False
JE-003099,2025-05-27,매출원가,거래처-039,364135,최담당,False
JE-002525,2025-05-27,판매비와관리비,거래처-004,3184613,최담당,False
JE-001608,2025-05-27,미지급금,거래처-032,212359,박전표,False
JE-003514,2025-05-27,매출원가,거래처-016,242463,최담당,False
JE-000577,2025-05-27,미수금,거래처-027,10342806,최담당,False
JE-001634,2025-05-27,매입,거래처-028,1485947,이감사,False
JE-000363,2025-05-27,미지급금,거래처-007,2000000,최담당,True
JE-000238,2025-05-27,매출,거래처-027,1180893,김회계,False
JE-002629,2025-05-27,판매비와관리비,거래처-036,1490243,최담당,False
JE-003443,2025-05-27,미지급금,거래처-024,171750,박전표,False
JE-003595,2025-05-27,매출원가,거래처-016,6393683,김회계,False
JE-001299,2025-05-27,미지급금,거래처-027,1873418,이감사,False
JE-001090,2025-05-28,미지급금,거래처-022,897219,이감사,False
JE-002937,2025-05-28,미수금,거래처-013,5532151,박전표,False
JE-003689,2025-05-28,매입,거래처-016,2000000,최담당,True
JE-002282,2025-05-28,미지급금,거래처-033,1406112,박전표,False
JE-001149,2025-05-28,판매비와관리비,거래처-013,672704,최담당,False
JE-003432,2025-05-28,판매비와관리비,거래처-031,1461652,김회계,False
JE-001150,2025-05-28,매출,거래처-025,556739,김회계,False
JE-000036,2025-05-28,매출,거래처-032,1811219,최담당,False
JE-003324,2025-05-28,미지급금,거래처-018,5000000,이감사,True
JE-002699,2025-05-28,매출,거래처-010,378188,박전표,False
JE-001968,2025-05-28,매출,거래처-021,1472598,박전표,False
JE-000346,2025-05-28,미지급금,거래처-007,611968,김회계,False
JE-001181,2025-05-28,매출,거래처-038,303484,박전표,False
JE-000323,2025-05-28,미지급금,거래처-002,40320,최담당,False
JE-000710,2025-05-29,매출,거래처-022,1084594,김회계,False
JE-003687,2025-05-29,매입,거래처-018,2249963,김회계,False
JE-003765,2025-05-29,매출원가,거래처-002,2029708,김회계,False
JE-002630,2025-05-29,매출원가,거래처-034,613136,이감사,False
JE-000071,2025-05-29,매출,거래처-006,2000000,최담당,True
JE-001330,2025-05-29,미지급금,거래처-031,837016,최담당,False
JE-003779,2025-05-29,매출원가,거래처-039,2521505,최담당,False
JE-002654,2025-05-30,매입,거래처-017,736472,이감사,False
JE-002709,2025-05-30,매출원가,거래처-027,85813,최담당,False
JE-001120,2025-05-30,판매비와관리비,거래처-009,30136501,이감사,False
JE-002828,2025-05-30,매출,거래처-017,251348,김회계,False
JE-001777,2025-05-30,미수금,거래처-029,911256,최담당,False
JE-002035,2025-05-30,미지급금,거래처-006,4234206,최담당,False
JE-001337,2025-05-30,판매비와관리비,거래처-026,268939,박전표,False
JE-004047,2025-05-30,미수금,거래처-034,354259,김회계,False
JE-003793,2025-05-30,미수금,거래처-027,743219,김회계,False
JE-003551,2025-05-30,미지급금,거래처-034,746998,최담당,False
JE-003151,2025-05-30,미지급금,거래처-014,337734,이감사,False
JE-002839,2025-05-31,판매비와관리비,거래처-015,689018,김회계,False
JE-003258,2025-05-31,매출원가,거래처-025,642057,김회계,False
JE-003209,2025-05-31,미수금,거래처-019,43562,이감사,False
JE-001964,2025-05-31,미지급금,거래처-012,521751,박전표,False
JE-002402,2025-05-31,미수금,거래처-010,1857367,최담당,False
JE-001999,2025-05-31,매출,거래처-023,408835,김회계,False
JE-002204,2025-05-31,미지급금,거래처-014,4101671,김회계,False
JE-003872,2025-05-31,매출원가,거래처-031,668287,박전표,False
JE-001618,2025-05-31,판매비와관리비,거래처-002,753180,김회계,False
JE-001539,2025-05-31,매출,거래처-010,12518921,이감사,False
JE-002087,2025-05-31,매출원가,거래처-014,258204,박전표,False
JE-002327,2025-05-31,매출,거래처-021,216255,김회계,False
JE-001847,2025-06-01,매출원가,거래처-005,9994721,박전표,True
JE-003248,2025-06-01,미지급금,거래처-020,371816,최담당,False
JE-003081,2025-06-01,매출원가,거래처-007,211247,박전표,False
JE-003455,2025-06-01,미수금,거래처-030,2089888,이감사,False
JE-001179,2025-06-01,매출,거래처-006,5516553,박전표,False
JE-001908,2025-06-01,미수금,거래처-035,266845,이감사,False
JE-002389,2025-06-01,매입,거래처-022,1585258,김회계,False
JE-002543,2025-06-01,매출원가,거래처-007,59428,이감사,False
JE-002694,2025-06-01,미수금,거래처-036,76083,박전표,False
JE-002668,2025-06-01,매출원가,거래처-014,3055018,이감사,False
JE-001516,2025-06-01,매출원가,거래처-024,399292,박전표,False
JE-002999,2025-06-01,매출,거래처-025,343953,최담당,False
JE-002330,2025-06-01,미지급금,거래처-005,206156,최담당,False
JE-002897,2025-06-02,매입,거래처-031,764193,최담당,False
JE-003886,2025-06-02,매출,거래처-005,335854,최담당,False
JE-000283,2025-06-02,매출원가,거래처-009,402293,최담당,False
JE-000048,2025-06-02,미지급금,거래처-020,1282539,박전표,False
JE-000724,2025-06-02,매입,거래처-021,253290,김회계,False
JE-001868,2025-06-02,미지급금,거래처-012,1920295,최담당,False
JE-002740,2025-06-02,미수금,거래처-014,944527,박전표,False
JE-003163,2025-06-02,매입,거래처-032,5916139,이감사,False
JE-002566,2025-06-02,미수금,거래처-039,4838180,박전표,False
JE-000857,2025-06-02,매출,거래처-011,281802,이감사,False
JE-001158,2025-06-02,매입,거래처-040,2033292,이감사,False
JE-001201,2025-06-02,매출원가,거래처-010,167523,김회계,False
JE-002223,2025-06-03,매출,거래처-009,47744,김회계,False
JE-000680,2025-06-03,판매비와관리비,거래처-039,229764,김회계,False
JE-003483,2025-06-03,미수금,거래처-038,9997418,최담당,True
JE-001256,2025-06-03,매출원가,거래처-034,2022923,최담당,False
JE-003363,2025-06-03,매입,거래처-026,1703343,이감사,False
JE-003754,2025-06-03,미수금,거래처-012,158182,이감사,False
JE-002205,2025-06-03,미수금,거래처-038,14700887,최담당,False
JE-002478,2025-06-03,매출,거래처-038,942213,최담당,False
JE-002825,2025-06-03,미수금,거래처-003,841843,이감사,False
JE-002505,2025-06-04,매입,거래처-027,1428825,최담당,False
JE-001736,2025-06-04,판매비와관리비,거래처-023,525077,박전표,False
JE-003352,2025-06-04,매출,거래처-028,6018936,김회계,False
JE-001461,2025-06-04,판매비와관리비,거래처-012,94903,최담당,False
JE-002711,2025-06-04,매입,거래처-007,690271,최담당,False
JE-002708,2025-06-04,매출원가,거래처-030,1066338,김회계,False
JE-002693,2025-06-04,매출,거래처-017,161707,박전표,False
JE-000909,2025-06-04,매출,거래처-013,321390,박전표,False
JE-001288,2025-06-04,미지급금,거래처-037,1493987,박전표,False
JE-004131,2025-06-04,미수금,거래처-005,1259737,이감사,False
JE-001273,2025-06-04,판매비와관리비,거래처-039,541007,박전표,False
JE-000233,2025-06-04,미수금,거래처-034,9995071,김회계,True
JE-002093,2025-06-04,미지급금,거래처-029,10128692,최담당,False
JE-003284,2025-06-04,미지급금,거래처-036,1354976,이감사,False
JE-000219,2025-06-04,매출원가,거래처-004,777944,이감사,False
JE-002040,2025-06-04,매입,거래처-017,540217,김회계,False
JE-000830,2025-06-04,매입,거래처-033,1504144,최담당,False
JE-001335,2025-06-04,매출원가,거래처-035,395102,김회계,False
JE-000822,2025-06-05,매출,거래처-007,928638,최담당,False
JE-003014,2025-06-05,매입,거래처-036,85180,김회계,False
JE-000089,2025-06-05,미수금,거래처-021,945124,김회계,False
JE-003528,2025-06-05,매출원가,거래처-018,14915368,김회계,False
JE-003149,2025-06-05,미수금,거래처-017,10102126,최담당,False
JE-000611,2025-06-05,미수금,거래처-034,3885847,최담당,False
JE-001377,2025-06-05,매입,거래처-034,9998844,이감사,True
JE-001866,2025-06-05,미지급금,거래처-002,1058756,이감사,False
JE-003271,2025-06-05,매출원가,거래처-012,1439700,최담당,False
JE-001392,2025-06-05,매출원가,거래처-038,4213073,이감사,False
JE-000709,2025-06-05,미수금,거래처-031,9996869,김회계,True
JE-000708,2025-06-05,매입,거래처-037,727179,김회계,False
JE-000278,2025-06-05,매출,거래처-018,569086,최담당,False
JE-000607,2025-06-06,판매비와관리비,거래처-035,250998,김회계,False
JE-000059,2025-06-06,매출원가,거래처-008,1420031,이감사,False
JE-002025,2025-06-06,매출원가,거래처-001,1493069,박전표,False
JE-003941,2025-06-06,매입,거래처-017,430942,박전표,False
JE-001172,2025-06-06,미지급금,거래처-030,1770775,이감사,False
JE-002373,2025-06-06,매출원가,거래처-003,602603,최담당,False
JE-001791,2025-06-06,매입,거래처-026,2418739,박전표,False
JE-002729,2025-06-06,미수금,거래처-035,1063119,이감사,False
JE-001506,2025-06-06,판매비와관리비,거래처-019,386346,이감사,False
JE-002678,2025-06-06,판매비와관리비,거래처-006,746026,이감사,False
JE-001503,2025-06-06,매출원가,거래처-014,1158447,박전표,False
JE-001361,2025-06-06,미수금,거래처-010,2105925,박전표,False
JE-002591,2025-06-06,판매비와관리비,거래처-009,705647,김회계,False
JE-004106,2025-06-07,매입,거래처-035,55933,박전표,False
JE-000616,2025-06-07,미수금,거래처-016,18974,김회계,False
JE-001598,2025-06-07,매입,거래처-002,2974304,최담당,False
JE-002752,2025-06-07,미지급금,거래처-015,71897,김회계,False
JE-000214,2025-06-07,미지급금,거래처-011,795691,이감사,False
JE-001778,2025-06-07,판매비와관리비,거래처-016,1051299,김회계,False
JE-003781,2025-06-07,미지급금,거래처-015,1213231,이감사,False
JE-003998,2025-06-08,판매비와관리비,거래처-006,76424,이감사,False
JE-001160,2025-06-08,매출,거래처-017,182673,김회계,False
JE-001373,2025-06-08,판매비와관리비,거래처-039,2351086,이감사,False
JE-002845,2025-06-08,미수금,거래처-039,333737,김회계,False
JE-000823,2025-06-08,판매비와관리비,거래처-039,520658,박전표,False
JE-002735,2025-06-08,매입,거래처-023,4209422,이감사,False
JE-000210,2025-06-08,매출,거래처-035,20865299,김회계,False
JE-001391,2025-06-09,매출원가,거래처-009,2976702,김회계,False
JE-002410,2025-06-09,매입,거래처-022,9998613,이감사,True
JE-001415,2025-06-09,미수금,거래처-034,9998969,김회계,True
JE-002228,2025-06-09,매출,거래처-005,1796410,이감사,False
JE-002516,2025-06-09,매출원가,거래처-005,3446248,이감사,False
JE-001270,2025-06-09,매출,거래처-032,1372615,박전표,False
JE-003074,2025-06-09,미수금,거래처-020,726795,이감사,False
JE-003829,2025-06-09,매출원가,거래처-035,4273334,이감사,False
JE-003127,2025-06-09,미지급금,거래처-038,35980,최담당,False
JE-001622,2025-06-09,매입,거래처-023,202736,이감사,False
JE-000315,2025-06-09,판매비와관리비,거래처-039,499012,김회계,False
JE-002140,2025-06-10,매출,거래처-011,1062560,박전표,False
JE-000688,2025-06-10,매입,거래처-017,40444,최담당,False
JE-004070,2025-06-10,매입,거래처-029,189943,이감사,False
JE-001131,2025-06-10,매출,거래처-029,5731632,박전표,False
JE-001606,2025-06-10,판매비와관리비,거래처-040,5714653,이감사,False
JE-002211,2025-06-10,미수금,거래처-027,1352350,최담당,False
JE-001492,2025-06-10,판매비와관리비,거래처-027,335007,박전표,False
JE-002000,2025-06-10,매입,거래처-008,7765849,김회계,False
JE-001427,2025-06-10,판매비와관리비,거래처-005,434492,최담당,False
JE-003801,2025-06-10,미지급금,거래처-001,5871990,최담당,False
JE-000906,2025-06-10,매출,거래처-038,360779,박전표,False
JE-001079,2025-06-10,판매비와관리비,거래처-015,10000000,김회계,True
JE-001807,2025-06-10,매출원가,거래처-040,968611,최담당,False
JE-003850,2025-06-10,판매비와관리비,거래처-009,192903,최담당,False
JE-002080,2025-06-10,미지급금,거래처-017,1428738,김회계,False
JE-001431,2025-06-10,미지급금,거래처-001,21231905,최담당,False
JE-000170,2025-06-10,매출원가,거래처-003,168660,김회계,False
JE-000072,2025-06-11,매입,거래처-011,12692343,박전표,False
JE-000959,2025-06-11,매출,거래처-023,151227,김회계,False
JE-000394,2025-06-11,미수금,거래처-030,15818867,김회계,False
JE-003769,2025-06-11,매출,거래처-017,894285,박전표,False
JE-003100,2025-06-11,매출,거래처-005,3000000,최담당,True
JE-000186,2025-06-11,미지급금,거래처-026,270949,김회계,False
JE-003402,2025-06-11,매출,거래처-016,2933239,김회계,False
JE-001452,2025-06-12,매입,거래처-021,81688,최담당,False
JE-001911,2025-06-12,미지급금,거래처-035,2230433,최담당,False
JE-002144,2025-06-12,미지급금,거래처-013,1603461,최담당,False
JE-000784,2025-06-12,매입,거래처-030,605599,이감사,False
JE-000312,2025-06-12,매출원가,거래처-037,289828,김회계,False
JE-000934,2025-06-12,매입,거래처-021,1364630,김회계,False
JE-002086,2025-06-12,미수금,거래처-020,1791324,이감사,False
JE-002818,2025-06-13,매입,거래처-012,1258293,이감사,False
JE-002737,2025-06-13,매출원가,거래처-004,6864667,박전표,False
JE-002099,2025-06-13,매입,거래처-029,480489,김회계,False
JE-001504,2025-06-13,매입,거래처-032,627368,최담당,False
JE-002893,2025-06-13,미지급금,거래처-029,2011229,박전표,False
JE-003320,2025-06-13,매출원가,거래처-036,9998903,최담당,True
JE-003849,2025-06-13,미수금,거래처-032,2811079,최담당,False
JE-000275,2025-06-13,매입,거래처-024,8708629,김회계,False
JE-002907,2025-06-13,미지급금,거래처-011,3515407,박전표,False
JE-002349,2025-06-13,매입,거래처-037,125379,최담당,False
JE-000902,2025-06-13,미지급금,거래처-008,11250356,김회계,False
JE-001614,2025-06-13,매출,거래처-009,309772,최담당,False
JE-000465,2025-06-13,매출,거래처-028,2388201,김회계,False
JE-003505,2025-06-13,매입,거래처-026,183993,김회계,False
JE-001850,2025-06-13,판매비와관리비,거래처-019,65400,최담당,False
JE-003973,2025-06-13,미지급금,거래처-001,1012093,최담당,False
JE-001317,2025-06-14,판매비와관리비,거래처-024,193648,이감사,False
JE-000213,2025-06-14,미지급금,거래처-004,81711,박전표,False
JE-001283,2025-06-14,판매비와관리비,거래처-029,484408,최담당,False
JE-002540,2025-06-14,매출,거래처-005,24901547,이감사,False
JE-000268,2025-06-14,미수금,거래처-023,117820,박전표,False
JE-004048,2025-06-14,미지급금,거래처-018,1310780,김회계,False
JE-002156,2025-06-15,판매비와관리비,거래처-035,309855,이감사,False
JE-000563,2025-06-15,매입,거래처-001,1251833,최담당,False
JE-002149,2025-06-15,매출원가,거래처-022,1021177,이감사,False
JE-001916,2025-06-15,미지급금,거래처-020,241788,김회계,False
JE-003298,2025-06-15,미수금,거래처-026,123097,최담당,False
JE-002564,2025-06-15,매입,거래처-007,131250,이감사,False
JE-002816,2025-06-15,미지급금,거래처-004,426816,최담당,False
JE-001524,2025-06-15,판매비와관리비,거래처-007,731753,이감사,False
JE-001470,2025-06-15,매출,거래처-001,3000000,이감사,True
JE-000106,2025-06-15,미수금,거래처-034,2380739,최담당,False
JE-001648,2025-06-15,미수금,거래처-016,5831386,김회계,False
JE-000038,2025-06-16,미지급금,거래처-013,50572,김회계,False
JE-003087,2025-06-16,미수금,거래처-030,27439,최담당,False
JE-000553,2025-06-16,매출원가,거래처-034,669787,김회계,False
JE-003112,2025-06-16,미지급금,거래처-013,46854,이감사,False
JE-003285,2025-06-16,미수금,거래처-039,1308749,이감사,False
JE-003139,2025-06-16,매출원가,거래처-024,107652,박전표,False
JE-001714,2025-06-16,매출원가,거래처-017,3279077,이감사,False
JE-001390,2025-06-16,판매비와관리비,거래처-035,148286,김회계,False
JE-002348,2025-06-16,매출원가,거래처-027,604298,김회계,False
JE-001638,2025-06-16,매입,거래처-027,1907940,김회계,False
JE-001591,2025-06-16,판매비와관리비,거래처-014,744145,최담당,False
JE-002020,2025-06-16,매출원가,거래처-023,560485,박전표,False
JE-001196,2025-06-16,매출원가,거래처-018,571468,최담당,False
JE-002906,2025-06-16,매출원가,거래처-032,142683,박전표,False
JE-000018,2025-06-16,매출원가,거래처-010,301571,김회계,False
JE-000744,2025-06-16,미지급금,거래처-032,407902,박전표,False
JE-003454,2025-06-16,판매비와관리비,거래처-001,742351,최담당,False
JE-003249,2025-06-17,매출원가,거래처-023,112254,박전표,False
JE-002039,2025-06-17,매입,거래처-016,2531127,박전표,False
JE-001734,2025-06-17,매출,거래처-028,4429369,박전표,False
JE-003082,2025-06-17,미수금,거래처-033,123415,김회계,False
JE-002537,2025-06-17,매입,거래처-018,175177,김회계,False
JE-000207,2025-06-17,매입,거래처-006,332214,박전표,False
JE-000589,2025-06-17,매출원가,거래처-033,130080,이감사,False
JE-001435,2025-06-17,매출,거래처-007,345841,이감사,False
JE-003220,2025-06-18,매입,거래처-040,439686,박전표,False
JE-001032,2025-06-18,매출,거래처-027,5236517,이감사,False
JE-004016,2025-06-18,매출원가,거래처-001,1239808,김회계,False
JE-001700,2025-06-18,매출원가,거래처-027,3295768,박전표,False
JE-000789,2025-06-18,판매비와관리비,거래처-018,4963550,김회계,False
JE-000997,2025-06-18,매입,거래처-019,107735,이감사,False
JE-004021,2025-06-18,매입,거래처-024,996915,김회계,False
JE-000436,2025-06-18,미수금,거래처-031,527902,김회계,False
JE-000222,2025-06-18,매출,거래처-031,12528199,박전표,False
JE-000103,2025-06-18,매입,거래처-010,9995809,박전표,True
JE-003160,2025-06-18,매입,거래처-020,626274,김회계,False
JE-002129,2025-06-18,판매비와관리비,거래처-039,476289,이감사,False
JE-004145,2025-06-18,미수금,거래처-039,192756,박전표,False
JE-000899,2025-06-18,판매비와관리비,거래처-027,106477,김회계,False
JE-003392,2025-06-18,매입,거래처-022,2423497,김회계,False
JE-001367,2025-06-19,판매비와관리비,거래처-022,9617133,박전표,False
JE-000441,2025-06-19,매출,거래처-035,17817193,김회계,False
JE-001683,2025-06-19,미지급금,거래처-003,384893,이감사,False
JE-001744,2025-06-19,미수금,거래처-018,1709471,김회계,False
JE-002559,2025-06-19,판매비와관리비,거래처-029,9997756,김회계,True
JE-003947,2025-06-19,미지급금,거래처-007,854657,박전표,False
JE-000290,2025-06-19,미지급금,거래처-033,427141,김회계,False
JE-004113,2025-06-20,매출,거래처-019,277241,박전표,False
JE-000986,2025-06-20,매출,거래처-026,120529,박전표,False
JE-001301,2025-06-20,매출,거래처-028,269395,박전표,False
JE-002838,2025-06-20,매출원가,거래처-033,148113,최담당,False
JE-003346,2025-06-20,매출원가,거래처-018,3547257,김회계,False
JE-003374,2025-06-21,미수금,거래처-036,49683,김회계,False
JE-001244,2025-06-21,미지급금,거래처-014,570821,이감사,False
JE-000928,2025-06-21,매입,거래처-009,3665809,박전표,False
JE-003803,2025-06-21,미수금,거래처-035,59563,김회계,False
JE-000950,2025-06-21,미수금,거래처-017,6110787,김회계,False
JE-003822,2025-06-21,판매비와관리비,거래처-008,77888,최담당,False
JE-003688,2025-06-21,판매비와관리비,거래처-026,408876,박전표,False
JE-004044,2025-06-22,매출,거래처-040,938063,이감사,False
JE-003302,2025-06-22,매출,거래처-040,72027,박전표,False
JE-001730,2025-06-22,판매비와관리비,거래처-039,29659,김회계,False
JE-001286,2025-06-22,매출,거래처-009,9994072,이감사,True
JE-004052,2025-06-22,매입,거래처-040,1029397,최담당,False
JE-000849,2025-06-22,판매비와관리비,거래처-029,5118440,김회계,False
JE-003068,2025-06-22,매출원가,거래처-037,9997007,박전표,True
JE-002513,2025-06-22,미수금,거래처-011,338891,박전표,False
JE-003683,2025-06-22,판매비와관리비,거래처-008,154557,이감사,False
JE-001044,2025-06-22,미수금,거래처-040,2246403,최담당,False
JE-000826,2025-06-23,매출,거래처-024,268069,최담당,False
JE-003544,2025-06-23,미지급금,거래처-018,2417156,김회계,False
JE-001280,2025-06-23,매출원가,거래처-001,1888898,최담당,False
JE-003792,2025-06-23,매출,거래처-001,5000000,김회계,True
JE-003856,2025-06-23,미지급금,거래처-037,667862,박전표,False
JE-003861,2025-06-23,미지급금,거래처-015,316048,김회계,False
JE-002611,2025-06-23,매출원가,거래처-019,1665330,박전표,False
JE-000510,2025-06-23,매출원가,거래처-029,579288,김회계,False
JE-000334,2025-06-23,매출원가,거래처-011,6555059,김회계,False
JE-003892,2025-06-23,판매비와관리비,거래처-030,1273303,최담당,False
JE-002992,2025-06-23,매출,거래처-032,3757334,최담당,False
JE-002874,2025-06-23,매출원가,거래처-037,91642,최담당,False
JE-001260,2025-06-24,미수금,거래처-023,1008213,김회계,False
JE-000728,2025-06-24,매출원가,거래처-026,2748577,이감사,False
JE-001040,2025-06-24,미지급금,거래처-008,14956826,박전표,False
JE-000673,2025-06-24,판매비와관리비,거래처-011,176131,최담당,False
JE-000145,2025-06-24,미수금,거래처-010,415142,김회계,False
JE-003520,2025-06-24,매출,거래처-007,19639,이감사,False
JE-001930,2025-06-24,매출원가,거래처-028,266649,박전표,False
JE-003223,2025-06-24,미수금,거래처-014,1342487,김회계,False
JE-000980,2025-06-24,미지급금,거래처-007,794926,김회계,False
JE-001947,2025-06-24,매출원가,거래처-031,63862,최담당,False
JE-002632,2025-06-24,판매비와관리비,거래처-020,1511295,김회계,False
JE-004077,2025-06-24,미지급금,거래처-020,6503444,김회계,False
JE-001480,2025-06-24,판매비와관리비,거래처-015,9292551,박전표,False
JE-003545,2025-06-24,매출,거래처-011,133349,최담당,False
JE-003361,2025-06-24,매입,거래처-038,810697,이감사,False
JE-000647,2025-06-24,판매비와관리비,거래처-040,8186242,최담당,False
JE-000559,2025-06-24,매입,거래처-004,514888,박전표,False
JE-003878,2025-06-25,매출,거래처-040,498073,박전표,False
JE-000873,2025-06-25,매입,거래처-004,1050908,김회계,False
JE-000429,2025-06-25,판매비와관리비,거래처-007,673778,이감사,False
JE-000133,2025-06-25,매입,거래처-032,124086,이감사,False
JE-000905,2025-06-25,매출,거래처-009,172011,이감사,False
JE-003419,2025-06-25,매출원가,거래처-035,299982,최담당,False
JE-002444,2025-06-26,미수금,거래처-001,23861,최담당,False
JE-002677,2025-06-26,미지급금,거래처-011,14291731,이감사,False
JE-001659,2025-06-26,미수금,거래처-040,17152154,이감사,False
JE-003124,2025-06-26,매입,거래처-027,1099880,이감사,False
JE-001559,2025-06-26,매출원가,거래처-040,94113,박전표,False
JE-000596,2025-06-26,미지급금,거래처-033,1384010,최담당,False
JE-003999,2025-06-27,매출,거래처-019,2111620,박전표,False
JE-001230,2025-06-27,미수금,거래처-007,7183169,김회계,False
JE-000050,2025-06-27,매출,거래처-010,3496722,김회계,False
JE-002493,2025-06-27,미지급금,거래처-012,148962,박전표,False
JE-003129,2025-06-27,미수금,거래처-014,1249849,김회계,False
JE-002003,2025-06-27,미지급금,거래처-014,108603,박전표,False
JE-002600,2025-06-27,미수금,거래처-024,690046,이감사,False
JE-000627,2025-06-28,매출원가,거래처-035,3043654,최담당,False
JE-002103,2025-06-28,매입,거래처-009,3502814,최담당,False
JE-000226,2025-06-28,미수금,거래처-032,1510631,김회계,False
JE-000802,2025-06-28,매입,거래처-034,5978574,박전표,False
JE-000661,2025-06-28,미지급금,거래처-036,691235,이감사,False
JE-001880,2025-06-28,매출원가,거래처-039,359037,최담당,False
JE-003343,2025-06-28,매출,거래처-022,42725,이감사,False
JE-003957,2025-06-28,판매비와관리비,거래처-016,462400,박전표,False
JE-000474,2025-06-28,매입,거래처-008,218938,김회계,False
JE-000851,2025-06-28,매출,거래처-004,1022968,박전표,False
JE-003466,2025-06-29,매출,거래처-026,1279648,이감사,False
JE-002998,2025-06-29,매출,거래처-012,1424881,이감사,False
JE-004076,2025-06-29,판매비와관리비,거래처-030,161814,김회계,False
JE-003267,2025-06-29,미수금,거래처-037,785199,김회계,False
JE-001896,2025-06-29,매출원가,거래처-012,12877499,김회계,False
JE-003395,2025-06-29,매출원가,거래처-005,1469230,김회계,False
JE-000339,2025-06-29,미지급금,거래처-008,1088939,김회계,False
JE-003282,2025-06-29,판매비와관리비,거래처-022,481791,최담당,False
JE-002027,2025-06-29,매출원가,거래처-007,6462236,김회계,False
JE-003711,2025-06-29,미지급금,거래처-014,713662,이감사,False
JE-000288,2025-06-29,미수금,거래처-008,26036709,최담당,False
JE-002050,2025-06-30,매입,거래처-026,277063,김회계,False
JE-001946,2025-06-30,매입,거래처-029,87898,이감사,False
JE-003958,2025-06-30,매출,거래처-010,92979,최담당,False
JE-003498,2025-06-30,미수금,거래처-008,421913,최담당,False
JE-001212,2025-06-30,매출원가,거래처-031,827189,김회계,False
JE-003286,2025-06-30,판매비와관리비,거래처-031,478512,박전표,False
JE-003920,2025-07-01,매입,거래처-008,563119,박전표,False
JE-003690,2025-07-01,매입,거래처-016,619189,박전표,False
JE-000138,2025-07-01,미지급금,거래처-015,9500044,이감사,False
JE-001325,2025-07-01,매출,거래처-022,217720,김회계,False
JE-002676,2025-07-01,매출원가,거래처-020,425114,김회계,False
JE-000799,2025-07-01,미지급금,거래처-037,577638,김회계,False
JE-000634,2025-07-01,미수금,거래처-028,127425,이감사,False
JE-002328,2025-07-01,매출,거래처-029,2954819,최담당,False
JE-001225,2025-07-01,매입,거래처-026,473243,최담당,False
JE-003356,2025-07-01,매출,거래처-040,6103042,최담당,False
JE-002713,2025-07-01,미수금,거래처-008,192830,최담당,False
JE-003842,2025-07-01,판매비와관리비,거래처-019,351198,이감사,False
JE-000692,2025-07-01,매입,거래처-004,4632000,최담당,False
JE-002977,2025-07-02,미지급금,거래처-023,4115705,박전표,False
JE-003855,2025-07-02,매출,거래처-007,832634,이감사,False
JE-001679,2025-07-02,미수금,거래처-003,866241,이감사,False
JE-000022,2025-07-02,미수금,거래처-013,1446235,김회계,False
JE-002448,2025-07-02,미수금,거래처-036,1958424,이감사,False
JE-002775,2025-07-02,매출,거래처-014,4115207,박전표,False
JE-003721,2025-07-02,미지급금,거래처-001,584858,최담당,False
JE-001760,2025-07-02,미수금,거래처-038,5000000,이감사,True
JE-003775,2025-07-02,매출,거래처-038,379178,김회계,False
JE-000730,2025-07-02,매입,거래처-026,1152359,최담당,False
JE-002162,2025-07-02,판매비와관리비,거래처-017,2356419,이감사,False
JE-001535,2025-07-02,매출,거래처-019,553162,이감사,False
JE-003924,2025-07-03,매출원가,거래처-002,124743,김회계,False
JE-002862,2025-07-03,매출,거래처-038,37207,박전표,False
JE-003608,2025-07-03,매입,거래처-007,57563,박전표,False
JE-002860,2025-07-03,미수금,거래처-001,1039448,최담당,False
JE-000864,2025-07-03,매출,거래처-014,1560013,김회계,False
JE-000293,2025-07-03,판매비와관리비,거래처-015,1255980,최담당,False
JE-000953,2025-07-03,판매비와관리비,거래처-017,2371275,최담당,False
JE-000913,2025-07-03,매출,거래처-028,44207,최담당,False
JE-002887,2025-07-03,매출,거래처-020,1592453,박전표,False
JE-000947,2025-07-03,매입,거래처-014,2945408,박전표,False
JE-002753,2025-07-03,매출,거래처-022,939394,김회계,False
JE-002883,2025-07-03,미지급금,거래처-032,4996865,최담당,False
JE-002519,2025-07-04,미수금,거래처-039,657320,박전표,False
JE-003504,2025-07-04,매출원가,거래처-036,3841079,최담당,False
JE-003098,2025-07-04,매출원가,거래처-033,1870891,김회계,False
JE-002472,2025-07-04,판매비와관리비,거래처-033,1895728,이감사,False
JE-003333,2025-07-04,매출원가,거래처-023,559136,김회계,False
JE-001517,2025-07-04,판매비와관리비,거래처-006,72136,최담당,False
JE-003885,2025-07-04,매출원가,거래처-022,640151,이감사,False
JE-003682,2025-07-04,매출,거래처-031,5372049,이감사,False
JE-003043,2025-07-04,매입,거래처-033,9996369,이감사,True
JE-003401,2025-07-04,미지급금,거래처-015,1098494,이감사,False
JE-001213,2025-07-05,매출,거래처-002,785827,박전표,False
JE-002582,2025-07-05,판매비와관리비,거래처-025,815054,최담당,False
JE-003213,2025-07-05,판매비와관리비,거래처-005,1652756,박전표,False
JE-001645,2025-07-05,판매비와관리비,거래처-003,436758,박전표,False
JE-001840,2025-07-05,판매비와관리비,거래처-015,412868,최담당,False
JE-001433,2025-07-05,매출원가,거래처-020,654241,최담당,False
JE-002317,2025-07-05,매입,거래처-028,113653,박전표,False
JE-001186,2025-07-05,매입,거래처-001,377098,김회계,False
JE-001769,2025-07-05,판매비와관리비,거래처-016,393561,박전표,False
JE-001025,2025-07-05,미수금,거래처-008,46561192,박전표,False
JE-001363,2025-07-05,매출원가,거래처-013,1924287,최담당,False
JE-002643,2025-07-06,매출원가,거래처-037,774550,최담당,False
JE-001336,2025-07-06,미지급금,거래처-038,541701,이감사,False
JE-000400,2025-07-06,판매비와관리비,거래처-034,1412153,이감사,False
JE-002904,2025-07-06,매출원가,거래처-019,538859,김회계,False
JE-001885,2025-07-06,매입,거래처-016,1585088,최담당,False
JE-001291,2025-07-06,미수금,거래처-019,35696,김회계,False
JE-001906,2025-07-06,매출원가,거래처-006,556109,최담당,False
JE-000454,2025-07-06,매입,거래처-040,2419555,김회계,False
JE-000049,2025-07-06,매입,거래처-007,1097046,김회계,False
JE-000455,2025-07-07,판매비와관리비,거래처-023,102006,이감사,False
JE-001157,2025-07-07,미수금,거래처-025,9499660,박전표,False
JE-001984,2025-07-07,미수금,거래처-005,256616,김회계,False
JE-000373,2025-07-07,매출,거래처-034,2422322,이감사,False
JE-002924,2025-07-07,미지급금,거래처-028,200958,최담당,False
JE-001148,2025-07-07,판매비와관리비,거래처-024,179422,김회계,False
JE-000983,2025-07-07,미수금,거래처-027,1099523,박전표,False
JE-003234,2025-07-07,매출,거래처-031,1787854,박전표,False
JE-001839,2025-07-07,매출원가,거래처-016,98864,박전표,False
JE-002970,2025-07-07,매출원가,거래처-016,9071087,김회계,False
JE-002253,2025-07-07,미수금,거래처-007,28684,이감사,False
JE-004058,2025-07-08,매출원가,거래처-030,742698,박전표,False
JE-003215,2025-07-08,미지급금,거래처-030,7699960,박전표,False
JE-000759,2025-07-08,매출원가,거래처-005,3238163,최담당,False
JE-002343,2025-07-09,미수금,거래처-017,3744698,최담당,False
JE-002427,2025-07-09,판매비와관리비,거래처-024,480544,박전표,False
JE-003992,2025-07-09,미지급금,거래처-032,188190,김회계,False
JE-002758,2025-07-09,미수금,거래처-023,1514870,김회계,False
JE-001310,2025-07-09,미지급금,거래처-026,455866,최담당,False
JE-002452,2025-07-09,판매비와관리비,거래처-026,130903,김회계,False
JE-004014,2025-07-09,매출,거래처-007,219441,이감사,False
JE-003452,2025-07-09,매출원가,거래처-002,648511,이감사,False
JE-002108,2025-07-09,매출,거래처-015,8530385,박전표,False
JE-002258,2025-07-09,매입,거래처-025,1387599,김회계,False
JE-002889,2025-07-10,미수금,거래처-012,1592178,김회계,False
JE-000003,2025-07-10,매출원가,거래처-021,4413022,최담당,False
JE-002512,2025-07-10,판매비와관리비,거래처-003,403025,최담당,False
JE-001564,2025-07-10,미수금,거래처-023,57398,이감사,False
JE-003606,2025-07-10,미수금,거래처-033,2282532,최담당,False
JE-003584,2025-07-10,매출,거래처-036,1394112,이감사,False
JE-002255,2025-07-10,미수금,거래처-019,308267,이감사,False
JE-004064,2025-07-10,매출원가,거래처-038,375280,최담당,False
JE-000086,2025-07-10,미수금,거래처-039,1110586,이감사,False
JE-000770,2025-07-10,판매비와관리비,거래처-038,43095310,이감사,False
JE-001146,2025-07-10,판매비와관리비,거래처-007,55654,박전표,False
JE-000903,2025-07-10,미지급금,거래처-013,27991,최담당,False
JE-003103,2025-07-11,미수금,거래처-005,1067016,김회계,False
JE-001318,2025-07-11,미지급금,거래처-004,1753291,최담당,False
JE-000397,2025-07-11,미지급금,거래처-006,809287,김회계,False
JE-003133,2025-07-11,판매비와관리비,거래처-036,1875738,이감사,False
JE-002661,2025-07-11,판매비와관리비,거래처-024,217869,이감사,False
JE-001940,2025-07-11,매출원가,거래처-038,6076437,최담당,False
JE-002660,2025-07-11,미지급금,거래처-005,30390465,최담당,False
JE-004003,2025-07-11,미지급금,거래처-005,1376774,최담당,False
JE-003742,2025-07-11,매출,거래처-008,102454,이감사,False
JE-001897,2025-07-11,매입,거래처-008,1249484,이감사,False
JE-001303,2025-07-12,미지급금,거래처-012,125561,이감사,False
JE-001257,2025-07-12,매출원가,거래처-029,5386813,이감사,False
JE-002804,2025-07-12,미수금,거래처-029,240480,박전표,False
JE-000912,2025-07-12,매출,거래처-024,1000000,김회계,True
JE-001355,2025-07-12,매출,거래처-011,2469284,이감사,False
JE-000720,2025-07-12,매입,거래처-003,916100,박전표,False
JE-000333,2025-07-12,미수금,거래처-025,58073,이감사,False
JE-004129,2025-07-12,미지급금,거래처-010,2134974,박전표,False
JE-002796,2025-07-12,매출원가,거래처-038,768190,이감사,False
JE-002943,2025-07-12,판매비와관리비,거래처-036,23490,최담당,False
JE-003042,2025-07-12,미지급금,거래처-003,141833,박전표,False
JE-001510,2025-07-12,매입,거래처-004,240273,김회계,False
JE-003120,2025-07-13,매출,거래처-002,1062849,이감사,False
JE-000561,2025-07-13,매출원가,거래처-030,309544,박전표,False
JE-000794,2025-07-13,미수금,거래처-008,10935,최담당,False
JE-003818,2025-07-13,미수금,거래처-031,30173,김회계,False
JE-003415,2025-07-13,매출원가,거래처-028,815757,김회계,False
JE-000426,2025-07-13,매출,거래처-028,354378,이감사,False
JE-001466,2025-07-13,미수금,거래처-036,865764,김회계,False
JE-000179,2025-07-13,미수금,거래처-012,1738569,박전표,False
JE-000099,2025-07-13,매입,거래처-020,1057542,박전표,False
JE-002975,2025-07-13,판매비와관리비,거래처-014,2897040,박전표,False
JE-002147,2025-07-13,미지급금,거래처-028,484919,최담당,False
JE-001422,2025-07-13,미수금,거래처-036,317127,이감사,False
JE-003389,2025-07-13,미지급금,거래처-007,76849,김회계,False
JE-003913,2025-07-14,미수금,거래처-027,745029,박전표,False
JE-001710,2025-07-14,매출원가,거래처-039,9994055,박전표,True
JE-000020,2025-07-14,미지급금,거래처-021,11500087,박전표,False
JE-001292,2025-07-14,매출,거래처-003,5000000,이감사,True
JE-003348,2025-07-14,미지급금,거래처-021,528730,김회계,False
JE-003730,2025-07-14,미수금,거래처-026,7519974,박전표,False
JE-001045,2025-07-14,미수금,거래처-030,210203,이감사,False
JE-000056,2025-07-14,매입,거래처-035,433169,최담당,False
JE-002095,2025-07-14,매출,거래처-021,31194,김회계,False
JE-000961,2025-07-14,매출,거래처-009,1749197,최담당,False
JE-000540,2025-07-15,매출,거래처-017,222458,최담당,False
JE-003785,2025-07-15,미수금,거래처-032,579051,최담당,False
JE-002320,2025-07-15,미수금,거래처-005,465007,김회계,False
JE-000136,2025-07-15,매입,거래처-024,7629173,최담당,False
JE-003891,2025-07-15,판매비와관리비,거래처-026,316646,박전표,False
JE-000453,2025-07-15,판매비와관리비,거래처-032,806778,박전표,False
JE-000643,2025-07-15,매출,거래처-015,7086637,이감사,False
JE-000697,2025-07-15,판매비와관리비,거래처-035,68629,최담당,False
JE-000289,2025-07-15,매출원가,거래처-028,111836,김회계,False
JE-001733,2025-07-15,매출,거래처-003,241085,김회계,False
JE-001104,2025-07-15,미지급금,거래처-027,2703404,박전표,False
JE-003153,2025-07-15,판매비와관리비,거래처-037,836176,최담당,False
JE-003117,2025-07-15,미수금,거래처-010,893190,김회계,False
JE-000508,2025-07-15,미수금,거래처-011,232888,최담당,False
JE-000852,2025-07-15,미지급금,거래처-007,1772098,최담당,False
JE-002464,2025-07-15,매출,거래처-022,1370629,박전표,False
JE-002309,2025-07-16,매출원가,거래처-009,702586,박전표,False
JE-002299,2025-07-16,매출,거래처-015,691576,김회계,False
JE-002122,2025-07-16,매출,거래처-033,102266,박전표,False
JE-000358,2025-07-16,매입,거래처-017,739146,김회계,False
JE-003425,2025-07-16,판매비와관리비,거래처-013,9996545,김회계,True
JE-000753,2025-07-16,미지급금,거래처-006,1390817,박전표,False
JE-000863,2025-07-16,판매비와관리비,거래처-005,80028,김회계,False
JE-000461,2025-07-16,판매비와관리비,거래처-025,626595,최담당,False
JE-001206,2025-07-16,매출원가,거래처-028,431214,박전표,False
JE-003229,2025-07-16,매출원가,거래처-032,985355,김회계,False
JE-000994,2025-07-17,매출원가,거래처-007,432056,김회계,False
JE-004135,2025-07-17,매출,거래처-013,16391,박전표,False
JE-000806,2025-07-17,판매비와관리비,거래처-037,31769,김회계,False
JE-002743,2025-07-17,매출원가,거래처-031,155661,박전표,False
JE-001701,2025-07-17,판매비와관리비,거래처-027,5474050,박전표,False
JE-001529,2025-07-17,미지급금,거래처-015,592412,최담당,False
JE-001786,2025-07-17,판매비와관리비,거래처-027,104457,최담당,False
JE-002934,2025-07-17,미지급금,거래처-023,2395749,박전표,False
JE-000380,2025-07-17,매출원가,거래처-019,6466597,박전표,False
JE-000761,2025-07-17,미수금,거래처-029,569562,이감사,False
JE-002414,2025-07-17,매출,거래처-001,660885,박전표,False
JE-001385,2025-07-17,매출,거래처-015,679035,이감사,False
JE-002702,2025-07-17,판매비와관리비,거래처-001,1076729,최담당,False
JE-001445,2025-07-17,미지급금,거래처-014,145322,이감사,False
JE-000365,2025-07-18,미지급금,거래처-021,9066823,이감사,False
JE-002595,2025-07-18,매출,거래처-009,285591,박전표,False
JE-000712,2025-07-18,매출,거래처-021,992392,최담당,False
JE-000602,2025-07-18,매출원가,거래처-016,33711,최담당,False
JE-000975,2025-07-18,매출원가,거래처-017,176320,박전표,False
JE-000872,2025-07-18,미지급금,거래처-027,386520,최담당,False
JE-002868,2025-07-18,매입,거래처-007,1984904,이감사,False
JE-001582,2025-07-18,매출,거래처-017,377453,김회계,False
JE-002077,2025-07-18,미수금,거래처-027,204212,김회계,False
JE-000948,2025-07-18,매출원가,거래처-014,319312,박전표,False
JE-001432,2025-07-18,매입,거래처-011,426355,박전표,False
JE-000477,2025-07-19,판매비와관리비,거래처-033,250132,김회계,False
JE-002583,2025-07-19,미수금,거래처-032,372200,최담당,False
JE-002688,2025-07-19,매출원가,거래처-020,755370,김회계,False
JE-003451,2025-07-19,매출원가,거래처-015,4121646,김회계,False
JE-001653,2025-07-19,미지급금,거래처-021,1990687,이감사,False
JE-002745,2025-07-19,판매비와관리비,거래처-034,1102614,박전표,False
JE-001965,2025-07-19,매출원가,거래처-034,4736610,김회계,False
JE-004124,2025-07-19,매출원가,거래처-027,270647,최담당,False
JE-003967,2025-07-19,매출원가,거래처-018,4467340,이감사,False
JE-000633,2025-07-19,판매비와관리비,거래처-005,204717,박전표,False
JE-003661,2025-07-19,매입,거래처-018,96463,김회계,False
JE-001066,2025-07-19,미수금,거래처-024,107906,박전표,False
JE-000295,2025-07-19,매입,거래처-014,238672,김회계,False
JE-001192,2025-07-20,매입,거래처-030,7436316,이감사,False
JE-002695,2025-07-20,미지급금,거래처-023,281915,김회계,False
JE-003563,2025-07-20,매출,거래처-013,84107,최담당,False
JE-003586,2025-07-20,미수금,거래처-012,1931907,김회계,False
JE-003693,2025-07-20,미지급금,거래처-036,75588,최담당,False
JE-000725,2025-07-20,매출,거래처-020,4899588,이감사,False
JE-000917,2025-07-20,판매비와관리비,거래처-010,68667,이감사,False
JE-002989,2025-07-20,매입,거래처-017,476935,박전표,False
JE-003355,2025-07-20,미지급금,거래처-039,222876,이감사,False
JE-002049,2025-07-20,매출,거래처-022,351388,최담당,False
JE-000701,2025-07-20,매입,거래처-036,2550399,박전표,False
JE-002919,2025-07-20,미수금,거래처-018,66526,박전표,False
JE-003616,2025-07-20,판매비와관리비,거래처-011,1080132,이감사,False
JE-004074,2025-07-21,미수금,거래처-033,169295,이감사,False
JE-003047,2025-07-21,미지급금,거래처-031,5745270,이감사,False
JE-002871,2025-07-21,매출,거래처-034,3930319,이감사,False
JE-001041,2025-07-21,미수금,거래처-013,1365754,이감사,False
JE-002640,2025-07-21,매입,거래처-032,2381069,최담당,False
JE-001271,2025-07-21,매출,거래처-034,1956960,박전표,False
JE-001424,2025-07-21,매입,거래처-031,2487995,박전표,False
JE-002275,2025-07-21,미수금,거래처-020,12609526,박전표,False
JE-001357,2025-07-21,판매비와관리비,거래처-015,2676879,이감사,False
JE-002803,2025-07-21,매입,거래처-017,283292,박전표,False
JE-003080,2025-07-21,미지급금,거래처-027,1196679,이감사,False
JE-004024,2025-07-21,미수금,거래처-026,235244,김회계,False
JE-002286,2025-07-21,매출원가,거래처-031,150545,박전표,False
JE-001228,2025-07-21,매입,거래처-004,20928,최담당,False
JE-003538,2025-07-22,매출원가,거래처-004,161411,이감사,False
JE-002876,2025-07-22,매출원가,거래처-039,335496,최담당,False
JE-003615,2025-07-22,미수금,거래처-004,472502,최담당,False
JE-001585,2025-07-22,판매비와관리비,거래처-029,10000000,최담당,True
JE-002225,2025-07-22,매입,거래처-022,221065,김회계,False
JE-001581,2025-07-22,미지급금,거래처-011,1304357,이감사,False
JE-001121,2025-07-22,매입,거래처-034,6418533,최담당,False
JE-000337,2025-07-22,미지급금,거래처-014,909961,이감사,False
JE-002681,2025-07-22,매입,거래처-021,1082402,이감사,False
JE-003496,2025-07-22,매입,거래처-021,83015,최담당,False
JE-001815,2025-07-23,매입,거래처-036,2148395,박전표,False
JE-004149,2025-07-23,미지급금,거래처-036,257979,김회계,False
JE-002172,2025-07-23,미수금,거래처-028,1643544,이감사,False
JE-002949,2025-07-23,매입,거래처-008,1653528,박전표,False
JE-000574,2025-07-23,미지급금,거래처-028,1205643,김회계,False
JE-000253,2025-07-23,미수금,거래처-021,3218377,최담당,False
JE-003879,2025-07-23,판매비와관리비,거래처-003,114673,김회계,False
JE-001974,2025-07-23,판매비와관리비,거래처-001,160747,박전표,False
JE-003672,2025-07-24,미지급금,거래처-033,956973,이감사,False
JE-001306,2025-07-24,매입,거래처-027,473244,박전표,False
JE-003541,2025-07-24,미지급금,거래처-021,4908848,이감사,False
JE-004027,2025-07-24,매출,거래처-004,1001901,이감사,False
JE-002806,2025-07-24,미지급금,거래처-007,355862,최담당,False
JE-001953,2025-07-24,미수금,거래처-002,1102583,최담당,False
JE-001933,2025-07-24,미지급금,거래처-016,516902,이감사,False
JE-000330,2025-07-25,매입,거래처-040,172628,박전표,False
JE-000174,2025-07-25,매입,거래처-029,465481,최담당,False
JE-000242,2025-07-25,매출,거래처-021,319203,박전표,False
JE-000481,2025-07-25,매출원가,거래처-038,10000000,최담당,True
JE-002983,2025-07-25,매출,거래처-018,4491413,박전표,False
JE-003746,2025-07-25,미수금,거래처-002,56392,김회계,False
JE-000648,2025-07-25,매입,거래처-011,185075,김회계,False
JE-001316,2025-07-25,매출,거래처-036,201341,박전표,False
JE-003269,2025-07-25,미지급금,거래처-038,683362,김회계,False
JE-000620,2025-07-25,미지급금,거래처-029,1850489,이감사,False
JE-002731,2025-07-26,매출원가,거래처-027,2536073,최담당,False
JE-002808,2025-07-26,미수금,거래처-014,368027,최담당,False
JE-002715,2025-07-26,판매비와관리비,거래처-023,238926,김회계,False
JE-001398,2025-07-26,미지급금,거래처-017,49385,최담당,False
JE-004102,2025-07-26,판매비와관리비,거래처-003,58099,이감사,False
JE-003489,2025-07-26,미수금,거래처-012,7098330,이감사,False
JE-003868,2025-07-26,미지급금,거래처-014,182498,최담당,False
JE-002017,2025-07-26,미지급금,거래처-038,1841072,이감사,False
JE-001471,2025-07-26,미지급금,거래처-025,11545563,최담당,False
JE-000224,2025-07-26,미수금,거래처-015,968392,최담당,False
JE-003624,2025-07-26,매입,거래처-006,3283640,박전표,False
JE-003366,2025-07-26,판매비와관리비,거래처-010,687214,박전표,False
JE-002635,2025-07-26,매입,거래처-011,82514,박전표,False
JE-002728,2025-07-26,판매비와관리비,거래처-009,103767,최담당,False
JE-002607,2025-07-27,판매비와관리비,거래처-023,1107047,이감사,False
JE-001394,2025-07-27,미수금,거래처-009,1217998,최담당,False
JE-003619,2025-07-27,미수금,거래처-025,1317139,최담당,False
JE-000433,2025-07-27,미지급금,거래처-014,40759,김회계,False
JE-003915,2025-07-27,매출원가,거래처-032,387950,박전표,False
JE-002070,2025-07-27,매출원가,거래처-016,981989,최담당,False
JE-002471,2025-07-27,매출원가,거래처-024,269861,박전표,False
JE-002965,2025-07-27,매입,거래처-008,576053,김회계,False
JE-002274,2025-07-27,판매비와관리비,거래처-035,1405250,최담당,False
JE-000167,2025-07-27,매입,거래처-015,4434078,이감사,False
JE-003744,2025-07-27,매출원가,거래처-019,4709420,김회계,False
JE-001450,2025-07-27,매출원가,거래처-033,57336,최담당,False
JE-002032,2025-07-27,매출,거래처-020,1000954,최담당,False
JE-001600,2025-07-27,매출원가,거래처-004,1176752,김회계,False
JE-003441,2025-07-27,매입,거래처-025,816409,최담당,False
JE-001054,2025-07-27,미지급금,거래처-026,334091,김회계,False
JE-000956,2025-07-28,매출,거래처-038,4485855,최담당,False
JE-000157,2025-07-28,매입,거래처-010,331514,이감사,False
JE-001004,2025-07-28,미수금,거래처-016,439804,박전표,False
JE-000954,2025-07-28,판매비와관리비,거래처-030,74995,최담당,False
JE-003034,2025-07-28,매출원가,거래처-037,2222757,최담당,False
JE-001214,2025-07-28,매입,거래처-002,54693,김회계,False
JE-001116,2025-07-28,매입,거래처-012,700099,이감사,False
JE-002980,2025-07-28,미지급금,거래처-005,30065,박전표,False
JE-003516,2025-07-28,매출,거래처-015,779127,이감사,False
JE-002307,2025-07-28,미지급금,거래처-006,1138626,최담당,False
JE-003185,2025-07-28,판매비와관리비,거래처-005,555364,이감사,False
JE-003334,2025-07-28,판매비와관리비,거래처-002,685183,박전표,False
JE-003058,2025-07-28,매출원가,거래처-018,54767,이감사,False
JE-003618,2025-07-28,미수금,거래처-036,417738,최담당,False
JE-000277,2025-07-28,미수금,거래처-023,488081,최담당,False
JE-001792,2025-07-28,미지급금,거래처-037,81739,최담당,False
JE-000875,2025-07-28,미지급금,거래처-021,25440,박전표,False
JE-000672,2025-07-28,매출원가,거래처-034,1870702,최담당,False
JE-000880,2025-07-29,매출원가,거래처-004,669273,김회계,False
JE-002428,2025-07-29,판매비와관리비,거래처-030,1468893,이감사,False
JE-001229,2025-07-29,미수금,거래처-031,272102,이감사,False
JE-002387,2025-07-29,미지급금,거래처-009,296888,김회계,False
JE-003630,2025-07-29,미지급금,거래처-030,382907,박전표,False
JE-001159,2025-07-29,매입,거래처-023,263396,이감사,False
JE-002916,2025-07-29,판매비와관리비,거래처-032,124326,이감사,False
JE-001368,2025-07-29,미수금,거래처-016,503012,최담당,False
JE-000135,2025-07-29,판매비와관리비,거래처-004,82751,이감사,False
JE-000656,2025-07-29,매출원가,거래처-040,2489787,김회계,False
JE-000529,2025-07-29,판매비와관리비,거래처-031,1381073,박전표,False
JE-000814,2025-07-29,매입,거래처-039,914260,박전표,False
JE-002257,2025-07-29,매출,거래처-036,7414527,박전표,False
JE-001799,2025-07-30,매입,거래처-002,6454113,박전표,False
JE-002703,2025-07-30,매입,거래처-007,3413611,박전표,False
JE-001351,2025-07-30,미수금,거래처-003,870335,박전표,False
JE-002065,2025-07-30,매출,거래처-017,458582,김회계,False
JE-002558,2025-07-30,미지급금,거래처-017,16950433,이감사,False
JE-001886,2025-07-30,매입,거래처-014,122050,이감사,False
JE-000659,2025-07-30,미수금,거래처-025,858475,최담당,False
JE-002128,2025-07-30,판매비와관리비,거래처-038,1108228,김회계,False
JE-001990,2025-07-30,매출,거래처-014,739411,박전표,False
JE-002119,2025-07-30,매출원가,거래처-003,461410,이감사,False
JE-000198,2025-07-30,매출원가,거래처-002,179337,김회계,False
JE-002882,2025-07-30,판매비와관리비,거래처-039,590328,이감사,False
JE-000372,2025-07-30,매출원가,거래처-035,19468259,김회계,False
JE-001219,2025-07-30,미수금,거래처-028,1611114,박전표,False
JE-004114,2025-07-30,미지급금,거래처-029,4428564,박전표,False
JE-003540,2025-07-30,미수금,거래처-011,172150,박전표,False
JE-000767,2025-07-30,미지급금,거래처-039,1272756,최담당,False
JE-001595,2025-07-30,판매비와관리비,거래처-010,651384,최담당,False
JE-001610,2025-07-30,판매비와관리비,거래처-026,19937,김회계,False
JE-002810,2025-07-31,미지급금,거래처-003,685369,최담당,False
JE-001994,2025-07-31,미수금,거래처-031,9996096,박전표,True
JE-002520,2025-07-31,미지급금,거래처-039,1499298,최담당,False
JE-002195,2025-07-31,매출,거래처-008,673812,김회계,False
JE-000259,2025-07-31,미수금,거래처-034,166605,최담당,False
JE-002482,2025-08-01,매입,거래처-038,24220,최담당,False
JE-003134,2025-08-01,판매비와관리비,거래처-036,478821,박전표,False
JE-003342,2025-08-01,매출원가,거래처-019,901445,최담당,False
JE-002727,2025-08-01,매출,거래처-022,82753,이감사,False
JE-004055,2025-08-01,매입,거래처-001,451882,김회계,False
JE-001657,2025-08-01,매출,거래처-004,968282,이감사,False
JE-003364,2025-08-01,미수금,거래처-010,174428,김회계,False
JE-002185,2025-08-01,매출,거래처-021,760354,이감사,False
JE-001443,2025-08-01,미수금,거래처-007,472867,최담당,False
JE-001464,2025-08-02,매출원가,거래처-009,57701,김회계,False
JE-001745,2025-08-02,매출,거래처-025,49102,이감사,False
JE-003546,2025-08-02,판매비와관리비,거래처-031,1184656,최담당,False
JE-000175,2025-08-02,미수금,거래처-036,59837,김회계,False
JE-000612,2025-08-02,매출원가,거래처-023,104318,최담당,False
JE-000422,2025-08-02,미수금,거래처-032,3014108,이감사,False
JE-003122,2025-08-02,판매비와관리비,거래처-037,857262,최담당,False
JE-001982,2025-08-02,판매비와관리비,거래처-020,8960,이감사,False
JE-002243,2025-08-02,미수금,거래처-031,950724,박전표,False
JE-000582,2025-08-02,매입,거래처-002,894969,김회계,False
JE-003113,2025-08-02,매출원가,거래처-038,6361263,박전표,False
JE-002619,2025-08-02,판매비와관리비,거래처-033,147334,김회계,False
JE-000971,2025-08-02,미수금,거래처-040,852443,최담당,False
JE-001343,2025-08-02,매입,거래처-020,758515,최담당,False
JE-003386,2025-08-02,미지급금,거래처-030,161288,김회계,False
JE-003602,2025-08-02,미지급금,거래처-035,44724316,이감사,False
JE-000069,2025-08-02,판매비와관리비,거래처-033,5243931,김회계,False
JE-002730,2025-08-02,미수금,거래처-012,352225,이감사,False
JE-000184,2025-08-02,매출,거래처-035,1042357,이감사,False
JE-000273,2025-08-03,매출원가,거래처-017,388915,이감사,False
JE-003577,2025-08-03,미지급금,거래처-032,2606039,김회계,False
JE-001689,2025-08-03,판매비와관리비,거래처-024,3000000,박전표,True
JE-002757,2025-08-03,매입,거래처-026,79827,박전표,False
JE-000310,2025-08-03,매출원가,거래처-037,1162320,이감사,False
JE-001971,2025-08-03,판매비와관리비,거래처-040,120585,김회계,False
JE-001575,2025-08-03,미수금,거래처-008,494751,최담당,False
JE-002063,2025-08-03,미지급금,거래처-026,216143,이감사,False
JE-002013,2025-08-04,매출원가,거래처-013,5000000,최담당,True
JE-001458,2025-08-04,미지급금,거래처-012,1755690,최담당,False
JE-003647,2025-08-04,미수금,거래처-015,146963,김회계,False
JE-003416,2025-08-04,매입,거래처-013,780895,최담당,False
JE-000494,2025-08-04,매출,거래처-038,39439689,이감사,False
JE-001436,2025-08-04,미수금,거래처-014,3403286,이감사,False
JE-000769,2025-08-04,판매비와관리비,거래처-029,297533,김회계,False
JE-002011,2025-08-04,판매비와관리비,거래처-016,1422311,최담당,False
JE-000878,2025-08-04,매출원가,거래처-034,68084,이감사,False
JE-003828,2025-08-05,미수금,거래처-031,135907,김회계,False
JE-003128,2025-08-05,매출원가,거래처-017,206080,박전표,False
JE-002359,2025-08-05,매출,거래처-025,459890,이감사,False
JE-003580,2025-08-05,미수금,거래처-036,157500,최담당,False
JE-002811,2025-08-05,미수금,거래처-019,1281068,김회계,False
JE-002515,2025-08-05,매입,거래처-035,709205,최담당,False
JE-002297,2025-08-05,매입,거래처-005,2733446,김회계,False
JE-003543,2025-08-05,매입,거래처-020,3079554,최담당,False
JE-002854,2025-08-05,미수금,거래처-039,380688,최담당,False
JE-002720,2025-08-06,미수금,거래처-028,3200995,박전표,False
JE-004087,2025-08-06,미수금,거래처-024,526228,박전표,False
JE-000182,2025-08-06,판매비와관리비,거래처-015,9998182,최담당,True
JE-003643,2025-08-06,판매비와관리비,거래처-016,1666233,김회계,False
JE-003473,2025-08-06,매출,거래처-021,564990,최담당,False
JE-003289,2025-08-06,미수금,거래처-012,875088,최담당,False
JE-003679,2025-08-06,매입,거래처-011,2890233,김회계,False
JE-000779,2025-08-06,미지급금,거래처-008,745818,최담당,False
JE-003921,2025-08-06,매출,거래처-005,632810,최담당,False
JE-000848,2025-08-06,미수금,거래처-030,54878,김회계,False
JE-003513,2025-08-06,매출원가,거래처-023,159395,김회계,False
JE-002036,2025-08-06,매출,거래처-023,69301,김회계,False
JE-003727,2025-08-07,미지급금,거래처-025,4003723,최담당,False
JE-000005,2025-08-07,판매비와관리비,거래처-018,805105,김회계,False
JE-003639,2025-08-07,미수금,거래처-008,9998293,김회계,True
JE-003659,2025-08-07,미지급금,거래처-020,967451,박전표,False
JE-001151,2025-08-07,매입,거래처-031,650048,김회계,False
JE-002252,2025-08-07,매입,거래처-022,38939,박전표,False
JE-004126,2025-08-07,매출원가,거래처-016,939889,박전표,False
JE-000891,2025-08-07,판매비와관리비,거래처-010,447810,김회계,False
JE-001639,2025-08-07,매출,거래처-015,140182,박전표,False
JE-003012,2025-08-07,미수금,거래처-027,2711047,박전표,False
JE-000809,2025-08-07,매출원가,거래처-027,31820939,이감사,False
JE-001841,2025-08-07,미수금,거래처-020,9995022,최담당,True
JE-002959,2025-08-07,매출원가,거래처-027,5000000,최담당,True
JE-004143,2025-08-07,매출,거래처-037,426129,박전표,False
JE-000451,2025-08-08,매입,거래처-040,1842900,이감사,False
JE-000379,2025-08-08,매입,거래처-013,182187,이감사,False
JE-000232,2025-08-08,미수금,거래처-012,8254790,최담당,False
JE-001860,2025-08-08,매출원가,거래처-008,556909,이감사,False
JE-001409,2025-08-08,미수금,거래처-002,2915494,최담당,False
JE-001126,2025-08-08,판매비와관리비,거래처-005,42481,최담당,False
JE-000014,2025-08-08,매입,거래처-034,430742,이감사,False
JE-003547,2025-08-08,미수금,거래처-021,3358340,최담당,False
JE-002169,2025-08-08,매출,거래처-013,3967650,김회계,False
JE-003195,2025-08-08,매입,거래처-011,2299865,김회계,False
JE-002966,2025-08-08,매입,거래처-005,186303,최담당,False
JE-000251,2025-08-08,매출,거래처-026,681537,최담당,False
JE-002171,2025-08-08,매출,거래처-031,479564,김회계,False
JE-001621,2025-08-09,미지급금,거래처-008,4099663,김회계,False
JE-001578,2025-08-09,미수금,거래처-032,882574,김회계,False
JE-003368,2025-08-09,미지급금,거래처-034,6466720,이감사,False
JE-000859,2025-08-09,미수금,거래처-040,109545,박전표,False
JE-003662,2025-08-09,매출,거래처-034,170725,최담당,False
JE-000973,2025-08-09,미지급금,거래처-031,102252,최담당,False
JE-002241,2025-08-09,미수금,거래처-027,56563,최담당,False
JE-003254,2025-08-09,매출,거래처-008,823354,이감사,False
JE-002941,2025-08-09,미지급금,거래처-017,898462,이감사,False
JE-004083,2025-08-09,매출원가,거래처-008,4234155,박전표,False
JE-001920,2025-08-09,매입,거래처-009,2497088,최담당,False
JE-002466,2025-08-09,미수금,거래처-039,7879991,김회계,False
JE-002112,2025-08-09,매출,거래처-006,1463595,박전표,False
JE-000748,2025-08-09,미수금,거래처-016,1368742,이감사,False
JE-003708,2025-08-09,판매비와관리비,거래처-009,1596005,박전표,False
JE-000361,2025-08-10,미지급금,거래처-019,1034989,최담당,False
JE-002379,2025-08-10,매입,거래처-025,134571,이감사,False
JE-001282,2025-08-10,매출원가,거래처-038,11410813,박전표,False
JE-001096,2025-08-10,매출,거래처-023,7736953,최담당,False
JE-004039,2025-08-10,매입,거래처-015,2348388,김회계,False
JE-002458,2025-08-10,매입,거래처-012,437366,최담당,False
JE-002419,2025-08-10,미수금,거래처-013,158314,박전표,False
JE-001238,2025-08-10,판매비와관리비,거래처-034,1913116,박전표,False
JE-000421,2025-08-10,판매비와관리비,거래처-014,233448,이감사,False
JE-003296,2025-08-10,매출원가,거래처-027,937787,김회계,False
JE-000459,2025-08-11,매출,거래처-007,2798217,최담당,False
JE-001602,2025-08-11,매출,거래처-040,1185348,최담당,False
JE-001298,2025-08-11,매입,거래처-016,446264,최담당,False
JE-003813,2025-08-11,매출,거래처-018,483094,최담당,False
JE-003996,2025-08-11,미수금,거래처-012,62034,최담당,False
JE-003315,2025-08-11,미지급금,거래처-021,1215955,박전표,False
JE-002209,2025-08-11,매입,거래처-022,1432006,김회계,False
JE-002484,2025-08-11,매입,거래처-022,923306,김회계,False
JE-003053,2025-08-11,미수금,거래처-022,662382,김회계,False
JE-000509,2025-08-12,미수금,거래처-003,270137,김회계,False
JE-000462,2025-08-12,매출,거래처-038,748485,이감사,False
JE-002416,2025-08-12,매입,거래처-002,3754847,김회계,False
JE-000364,2025-08-12,매출원가,거래처-034,379488,최담당,False
JE-001673,2025-08-12,매출원가,거래처-039,1274471,이감사,False
JE-000009,2025-08-12,미수금,거래처-037,80687,김회계,False
JE-000096,2025-08-12,매출원가,거래처-034,948868,이감사,False
JE-001855,2025-08-13,미지급금,거래처-017,2487818,박전표,False
JE-003525,2025-08-13,미수금,거래처-013,163606,이감사,False
JE-002754,2025-08-13,매입,거래처-004,6976844,박전표,False
JE-000452,2025-08-13,미수금,거래처-039,818646,이감사,False
JE-000344,2025-08-13,미수금,거래처-003,64328643,최담당,False
JE-001141,2025-08-13,미지급금,거래처-017,470636,최담당,False
JE-003372,2025-08-13,판매비와관리비,거래처-009,4738641,박전표,False
JE-000714,2025-08-13,판매비와관리비,거래처-031,3889082,박전표,False
JE-002115,2025-08-13,매입,거래처-038,421786,이감사,False
JE-001024,2025-08-13,매출원가,거래처-039,3429572,김회계,False
JE-001068,2025-08-14,미수금,거래처-015,653031,박전표,False
JE-003871,2025-08-14,미지급금,거래처-006,404660,최담당,False
JE-001129,2025-08-14,미지급금,거래처-015,1955148,박전표,False
JE-000548,2025-08-14,매출,거래처-018,275630,박전표,False
JE-002993,2025-08-14,매입,거래처-011,10572787,최담당,False
JE-003316,2025-08-14,미수금,거래처-006,5000000,이감사,True
JE-001765,2025-08-14,매출,거래처-015,1350602,최담당,False
JE-003802,2025-08-14,매출원가,거래처-029,8098673,박전표,False
JE-000579,2025-08-14,매출원가,거래처-012,3296676,이감사,False
JE-000144,2025-08-14,매입,거래처-038,569089,최담당,False
JE-003180,2025-08-15,매출원가,거래처-036,632995,김회계,False
JE-000969,2025-08-15,미수금,거래처-006,1073380,최담당,False
JE-001594,2025-08-15,판매비와관리비,거래처-029,66379,김회계,False
JE-003777,2025-08-15,미지급금,거래처-024,45478,김회계,False
JE-002984,2025-08-15,매출원가,거래처-009,517705,김회계,False
JE-001418,2025-08-15,매출,거래처-024,1388737,이감사,False
JE-002846,2025-08-15,매출원가,거래처-035,114035,이감사,False
JE-003206,2025-08-15,매출원가,거래처-014,1493304,최담당,False
JE-003109,2025-08-15,매출,거래처-018,3217365,김회계,False
JE-000780,2025-08-16,미수금,거래처-017,6854,박전표,False
JE-003490,2025-08-16,매출,거래처-021,2538914,김회계,False
JE-002261,2025-08-16,매입,거래처-027,5268481,이감사,False
JE-003988,2025-08-16,미지급금,거래처-004,61545,이감사,False
JE-000654,2025-08-16,판매비와관리비,거래처-029,50870,최담당,False
JE-001831,2025-08-16,미지급금,거래처-025,16095810,김회계,False
JE-001134,2025-08-16,매출원가,거래처-014,2516113,최담당,False
JE-001821,2025-08-16,매출원가,거래처-036,34917157,최담당,False
JE-000371,2025-08-16,매입,거래처-005,582296,최담당,False
JE-002329,2025-08-16,매출원가,거래처-030,154657,최담당,False
JE-000990,2025-08-16,미지급금,거래처-023,524231,최담당,False
JE-001755,2025-08-16,미수금,거래처-006,961395,이감사,False
JE-003911,2025-08-17,매출원가,거래처-005,627300,김회계,False
JE-002345,2025-08-17,미지급금,거래처-007,3134452,박전표,False
JE-003820,2025-08-17,매출,거래처-003,62682,김회계,False
JE-002645,2025-08-17,매출원가,거래처-019,3231977,이감사,False
JE-000427,2025-08-17,매출원가,거래처-029,2531866,박전표,False
JE-000023,2025-08-17,미지급금,거래처-016,3771748,이감사,False
JE-002305,2025-08-17,미지급금,거래처-024,492302,이감사,False
JE-001991,2025-08-17,미지급금,거래처-025,2642702,이감사,False
JE-000866,2025-08-17,매입,거래처-003,320675,김회계,False
JE-001218,2025-08-17,미수금,거래처-001,485949,이감사,False
JE-000542,2025-08-18,매출원가,거래처-020,87751,박전표,False
JE-003093,2025-08-18,매출원가,거래처-012,2257010,박전표,False
JE-000716,2025-08-18,매출,거래처-009,168679,박전표,False
JE-000487,2025-08-18,미지급금,거래처-021,1298794,최담당,False
JE-002338,2025-08-18,판매비와관리비,거래처-025,411659,박전표,False
JE-002942,2025-08-18,매입,거래처-029,9995807,박전표,True
JE-002078,2025-08-18,미수금,거래처-038,2788467,이감사,False
JE-001058,2025-08-19,매출원가,거래처-039,257249,이감사,False
JE-002266,2025-08-19,매입,거래처-001,778044,최담당,False
JE-000121,2025-08-19,매입,거래처-030,1275643,이감사,False
JE-000636,2025-08-19,매입,거래처-032,172236,김회계,False
JE-001289,2025-08-19,판매비와관리비,거래처-002,2878447,이감사,False
JE-004010,2025-08-19,미지급금,거래처-040,43811,박전표,False
JE-003183,2025-08-20,미지급금,거래처-006,70886,김회계,False
JE-002522,2025-08-20,매입,거래처-003,2006298,이감사,False
JE-003106,2025-08-20,매출원가,거래처-006,9996628,박전표,True
JE-001541,2025-08-20,미지급금,거래처-008,538273,최담당,False
JE-002110,2025-08-20,매입,거래처-026,257282,이감사,False
JE-003717,2025-08-20,판매비와관리비,거래처-005,858620,김회계,False
JE-001087,2025-08-20,미지급금,거래처-029,38970,이감사,False
JE-001060,2025-08-20,매입,거래처-002,607486,이감사,False
JE-001481,2025-08-20,미지급금,거래처-040,180964,김회계,False
JE-003244,2025-08-20,매입,거래처-030,2156166,박전표,False
JE-000610,2025-08-20,미수금,거래처-031,65907,최담당,False
JE-003022,2025-08-20,판매비와관리비,거래처-005,1837367,최담당,False
JE-000962,2025-08-20,매출원가,거래처-009,2917349,최담당,False
JE-002701,2025-08-21,매출원가,거래처-027,451601,박전표,False
JE-003870,2025-08-21,매출,거래처-027,67772,이감사,False
JE-002777,2025-08-21,매출,거래처-030,125167,박전표,False
JE-002369,2025-08-21,미지급금,거래처-037,258866,최담당,False
JE-000854,2025-08-21,매출,거래처-040,390938,박전표,False
JE-002568,2025-08-21,미지급금,거래처-013,414246,김회계,False
JE-002778,2025-08-21,매출원가,거래처-008,111842,김회계,False
JE-003131,2025-08-21,매출원가,거래처-029,518101,김회계,False
JE-004065,2025-08-21,매출원가,거래처-016,191006,김회계,False
JE-001290,2025-08-21,미수금,거래처-039,1073737,김회계,False
JE-001893,2025-08-21,매입,거래처-016,599412,최담당,False
JE-003219,2025-08-21,판매비와관리비,거래처-021,104115,김회계,False
JE-003597,2025-08-22,미수금,거래처-034,618176,이감사,False
JE-000818,2025-08-22,매입,거래처-035,2116624,최담당,False
JE-002242,2025-08-22,매입,거래처-017,1854217,최담당,False
JE-003917,2025-08-22,매출원가,거래처-014,14452,최담당,False
JE-003431,2025-08-22,매출,거래처-019,548066,박전표,False
JE-000326,2025-08-22,미수금,거래처-022,3128807,김회계,False
JE-002615,2025-08-22,미수금,거래처-026,47006765,김회계,False
JE-000845,2025-08-23,판매비와관리비,거래처-016,6924559,최담당,False
JE-002662,2025-08-23,매출원가,거래처-014,132171,최담당,False
JE-003013,2025-08-23,매출,거래처-040,1701569,최담당,False
JE-001554,2025-08-23,매출,거래처-037,844451,이감사,False
JE-001359,2025-08-23,미수금,거래처-036,442947,박전표,False
JE-003951,2025-08-23,미지급금,거래처-010,252943,박전표,False
JE-000625,2025-08-23,매입,거래처-039,184450,김회계,False
JE-000165,2025-08-23,매출,거래처-010,2432902,이감사,False
JE-000551,2025-08-23,판매비와관리비,거래처-022,36142,이감사,False
JE-000544,2025-08-23,미지급금,거래처-017,15629888,최담당,False
JE-003198,2025-08-23,매입,거래처-010,996661,최담당,False
JE-003177,2025-08-23,미지급금,거래처-018,5928258,이감사,False
JE-000194,2025-08-23,매입,거래처-032,285348,박전표,False
JE-001447,2025-08-24,판매비와관리비,거래처-011,336155,김회계,False
JE-000418,2025-08-24,판매비와관리비,거래처-015,341389,최담당,False
JE-002819,2025-08-24,매출,거래처-031,509827,이감사,False
JE-000541,2025-08-24,미수금,거래처-012,2333772,박전표,False
JE-003162,2025-08-24,미수금,거래처-004,1324948,최담당,False
JE-003251,2025-08-24,미지급금,거래처-026,346969,이감사,False
JE-002073,2025-08-24,매출원가,거래처-032,238977,김회계,False
JE-000815,2025-08-25,판매비와관리비,거래처-031,156089,최담당,False
JE-000746,2025-08-25,매출,거래처-026,3547136,최담당,False
JE-003880,2025-08-25,매입,거래처-021,171495,최담당,False
JE-001593,2025-08-25,미수금,거래처-031,3120267,이감사,False
JE-003224,2025-08-25,미지급금,거래처-020,333167,이감사,False
JE-003691,2025-08-25,미지급금,거래처-009,359974,박전표,False
JE-001037,2025-08-25,매출,거래처-008,1692849,이감사,False
JE-003625,2025-08-25,판매비와관리비,거래처-037,533936,최담당,False
JE-002118,2025-08-25,매입,거래처-028,5320809,최담당,False
JE-004092,2025-08-25,매입,거래처-027,241705,박전표,False
JE-001705,2025-08-25,미지급금,거래처-037,2047603,김회계,False
JE-003985,2025-08-26,매출원가,거래처-008,1773356,최담당,False
JE-003867,2025-08-26,미지급금,거래처-014,661246,최담당,False
JE-002213,2025-08-26,판매비와관리비,거래처-002,981190,최담당,False
JE-001034,2025-08-26,매출,거래처-002,1574811,김회계,False
JE-002822,2025-08-26,매출,거래처-004,208016,박전표,False
JE-000299,2025-08-26,판매비와관리비,거래처-035,246492,박전표,False
JE-002174,2025-08-26,미수금,거래처-025,1640535,이감사,False
JE-001793,2025-08-26,매입,거래처-029,52238,최담당,False
JE-003055,2025-08-26,매출원가,거래처-029,49406137,최담당,False
JE-000191,2025-08-26,매입,거래처-008,422762,김회계,False
JE-001093,2025-08-26,매입,거래처-004,3762360,박전표,False
JE-003147,2025-08-26,매출원가,거래처-014,538146,이감사,False
JE-002798,2025-08-27,미수금,거래처-005,297042,이감사,False
JE-000843,2025-08-27,미지급금,거래처-011,897966,최담당,False
JE-002881,2025-08-27,미지급금,거래처-007,188620,최담당,False
JE-000871,2025-08-27,미지급금,거래처-001,869068,이감사,False
JE-002608,2025-08-27,미지급금,거래처-031,3632974,최담당,False
JE-001277,2025-08-27,매출원가,거래처-038,2461331,최담당,False
JE-003168,2025-08-27,미지급금,거래처-021,193062,김회계,False
JE-001438,2025-08-28,판매비와관리비,거래처-022,232789,김회계,False
JE-001743,2025-08-28,미수금,거래처-029,5000000,이감사,True
JE-001413,2025-08-28,미지급금,거래처-024,272145,박전표,False
JE-001992,2025-08-28,매출원가,거래처-007,882112,이감사,False
JE-000671,2025-08-28,미수금,거래처-013,1508148,박전표,False
JE-002875,2025-08-28,미수금,거래처-008,487331,김회계,False
JE-003283,2025-08-28,미지급금,거래처-015,900655,최담당,False
JE-001106,2025-08-28,매출원가,거래처-040,35063246,이감사,False
JE-002797,2025-08-28,미수금,거래처-026,6893670,최담당,False
JE-002411,2025-08-28,미지급금,거래처-011,359796,박전표,False
JE-001722,2025-08-28,매출원가,거래처-033,228903,최담당,False
JE-000507,2025-08-28,매입,거래처-007,1268268,박전표,False
JE-002784,2025-08-28,미수금,거래처-002,3847717,김회계,False
JE-003970,2025-08-28,매출,거래처-029,1984633,최담당,False
JE-001853,2025-08-28,매출,거래처-006,469664,이감사,False
JE-002869,2025-08-28,미수금,거래처-013,1052982,박전표,False
JE-000702,2025-08-29,매출원가,거래처-001,74961,최담당,False
JE-000377,2025-08-29,판매비와관리비,거래처-036,444651,이감사,False
JE-000033,2025-08-29,미지급금,거래처-017,21757,박전표,False
JE-000401,2025-08-29,매출,거래처-003,165636,김회계,False
JE-003148,2025-08-29,매출,거래처-032,138007,이감사,False
JE-000555,2025-08-29,미지급금,거래처-039,215910,박전표,False
JE-000781,2025-08-29,미지급금,거래처-007,1000580,김회계,False
JE-001587,2025-08-29,매출,거래처-012,1345959,박전표,False
JE-001314,2025-08-29,미지급금,거래처-038,1843724,최담당,False
JE-000286,2025-08-29,판매비와관리비,거래처-001,316291,박전표,False
JE-002877,2025-08-29,미수금,거래처-006,287927,박전표,False
JE-001731,2025-08-29,매출,거래처-024,324043,이감사,False
JE-000619,2025-08-29,미수금,거래처-028,287636,최담당,False
JE-003527,2025-08-29,매출원가,거래처-013,552307,최담당,False
JE-003266,2025-08-29,매출원가,거래처-009,80433,박전표,False
JE-000331,2025-08-29,매출,거래처-009,1127814,김회계,False
JE-003435,2025-08-29,미수금,거래처-034,51259,최담당,False
JE-003145,2025-08-29,미수금,거래처-035,328306,박전표,False
JE-001759,2025-08-30,매출,거래처-018,2227760,최담당,False
JE-001926,2025-08-30,미지급금,거래처-017,13430434,최담당,False
JE-001086,2025-08-30,미지급금,거래처-019,4907246,박전표,False
JE-003614,2025-08-30,미수금,거래처-005,2595671,김회계,False
JE-004050,2025-08-30,매출,거래처-013,111088,최담당,False
JE-004133,2025-08-30,판매비와관리비,거래처-006,308508,박전표,False
JE-000949,2025-08-30,미수금,거래처-014,122591,박전표,False
JE-003161,2025-08-30,매입,거래처-038,1158892,최담당,False
JE-003832,2025-08-30,매출원가,거래처-023,397245,이감사,False
JE-002502,2025-08-30,매입,거래처-031,220136,김회계,False
JE-003960,2025-08-30,미수금,거래처-012,1331306,이감사,False
JE-003051,2025-08-30,매입,거래처-022,3000000,최담당,True
JE-002488,2025-08-30,미지급금,거래처-036,3926739,김회계,False
JE-001328,2025-08-31,미지급금,거래처-004,1746992,이감사,False
JE-002468,2025-08-31,판매비와관리비,거래처-039,54532,박전표,False
JE-001508,2025-08-31,미수금,거래처-022,1802593,최담당,False
JE-001366,2025-08-31,매입,거래처-017,6990208,김회계,False
JE-002712,2025-08-31,판매비와관리비,거래처-035,222521,박전표,False
JE-000008,2025-08-31,매출원가,거래처-009,876954,김회계,False
JE-000215,2025-08-31,판매비와관리비,거래처-025,892574,김회계,False
JE-003479,2025-08-31,매출,거래처-038,196891,이감사,False
JE-004097,2025-08-31,매출,거래처-027,9998701,김회계,True
JE-001950,2025-08-31,판매비와관리비,거래처-009,572635,김회계,False
JE-001144,2025-08-31,매출원가,거래처-040,116000,김회계,False
JE-000093,2025-08-31,미수금,거래처-015,925235,이감사,False
JE-002481,2025-09-01,미수금,거래처-026,4948547,김회계,False
JE-003794,2025-09-01,판매비와관리비,거래처-036,476269,김회계,False
JE-002326,2025-09-01,매출,거래처-036,1728712,김회계,False
JE-002377,2025-09-01,미지급금,거래처-007,42521,박전표,False
JE-003436,2025-09-01,매출,거래처-008,4464087,김회계,False
JE-000590,2025-09-01,매출원가,거래처-013,890480,박전표,False
JE-000630,2025-09-01,매입,거래처-001,1741406,이감사,False
JE-001929,2025-09-01,매출,거래처-034,1117694,이감사,False
JE-002429,2025-09-01,미지급금,거래처-031,9679994,이감사,False
JE-001177,2025-09-01,미지급금,거래처-003,775862,이감사,False
JE-002333,2025-09-01,매입,거래처-018,532641,박전표,False
JE-002567,2025-09-01,매출,거래처-017,485852,박전표,False
JE-001371,2025-09-01,판매비와관리비,거래처-022,698092,최담당,False
JE-002744,2025-09-01,매입,거래처-018,2794906,최담당,False
JE-000978,2025-09-02,미지급금,거래처-035,33016,이감사,False
JE-003310,2025-09-02,미지급금,거래처-021,5000000,최담당,True
JE-000460,2025-09-02,미지급금,거래처-038,2583433,김회계,False
JE-000438,2025-09-02,미지급금,거래처-033,95746,박전표,False
JE-001346,2025-09-02,매출,거래처-014,188517,이감사,False
JE-002733,2025-09-02,미지급금,거래처-013,2086314,김회계,False
JE-001315,2025-09-02,미수금,거래처-009,525309,이감사,False
JE-001056,2025-09-02,매출,거래처-032,993601,박전표,False
JE-002283,2025-09-03,매출원가,거래처-015,2561047,박전표,False
JE-001055,2025-09-03,매출원가,거래처-032,46140,이감사,False
JE-003865,2025-09-03,매출원가,거래처-035,1333232,최담당,False
JE-001327,2025-09-03,미수금,거래처-037,188703,최담당,False
JE-002366,2025-09-03,미수금,거래처-001,248512,이감사,False
JE-003307,2025-09-03,미수금,거래처-007,314139,김회계,False
JE-000987,2025-09-03,미지급금,거래처-036,167991,박전표,False
JE-002637,2025-09-03,매출,거래처-020,33977,김회계,False
JE-002545,2025-09-03,매출,거래처-027,465580,이감사,False
JE-003084,2025-09-03,판매비와관리비,거래처-002,506841,김회계,False
JE-000942,2025-09-03,판매비와관리비,거래처-009,383391,박전표,False
JE-003338,2025-09-03,판매비와관리비,거래처-030,142390,이감사,False
JE-003406,2025-09-04,매출,거래처-009,39571,김회계,False
JE-001050,2025-09-04,미수금,거래처-013,1505793,박전표,False
JE-001640,2025-09-04,미수금,거래처-007,1162368,박전표,False
JE-000966,2025-09-04,미지급금,거래처-021,178579,이감사,False
JE-003501,2025-09-04,판매비와관리비,거래처-038,2506639,최담당,False
JE-003400,2025-09-04,매입,거래처-017,115428,김회계,False
JE-002665,2025-09-04,판매비와관리비,거래처-029,570088,이감사,False
JE-000141,2025-09-04,매출원가,거래처-033,1433956,김회계,False
JE-001794,2025-09-04,매출,거래처-029,9462491,김회계,False
JE-004089,2025-09-04,매출,거래처-025,3012348,박전표,False
JE-001977,2025-09-05,미수금,거래처-007,5000000,박전표,True
JE-002834,2025-09-05,미수금,거래처-037,5755385,이감사,False
JE-001198,2025-09-05,매출,거래처-036,971738,이감사,False
JE-001498,2025-09-05,매입,거래처-039,228291,김회계,False
JE-000177,2025-09-05,판매비와관리비,거래처-022,373190,최담당,False
JE-003497,2025-09-05,매출,거래처-008,1801708,김회계,False
JE-001863,2025-09-05,판매비와관리비,거래처-026,45236,이감사,False
JE-003860,2025-09-05,매출,거래처-006,732918,김회계,False
JE-004096,2025-09-05,미수금,거래처-016,13769428,최담당,False
JE-000223,2025-09-05,미지급금,거래처-012,692637,김회계,False
JE-001884,2025-09-05,매출원가,거래처-005,120770,김회계,False
JE-002756,2025-09-05,매입,거래처-039,213985,최담당,False
JE-004099,2025-09-05,매출,거래처-009,323890,김회계,False
JE-003065,2025-09-05,매출원가,거래처-010,15079974,박전표,False
JE-001478,2025-09-05,매출,거래처-008,538591,최담당,False
JE-000884,2025-09-06,미지급금,거래처-037,3449785,박전표,False
JE-002847,2025-09-06,매출,거래처-017,588632,박전표,False
JE-001902,2025-09-06,매입,거래처-008,10178929,박전표,False
JE-003199,2025-09-06,미지급금,거래처-002,114469,김회계,False
JE-002044,2025-09-06,판매비와관리비,거래처-023,777244,최담당,False
JE-001590,2025-09-06,매입,거래처-008,9998816,최담당,True
JE-002238,2025-09-06,매출원가,거래처-036,685798,최담당,False
JE-002272,2025-09-06,미수금,거래처-015,195124,이감사,False
JE-002961,2025-09-06,매출,거래처-011,3517229,이감사,False
JE-000490,2025-09-06,미수금,거래처-016,243948,이감사,False
JE-003104,2025-09-06,매출원가,거래처-017,165162,김회계,False
JE-001528,2025-09-06,매입,거래처-020,60516,박전표,False
JE-003800,2025-09-06,매출,거래처-010,3432495,이감사,False
JE-002771,2025-09-06,매출원가,거래처-011,31655,김회계,False
JE-001187,2025-09-07,미수금,거래처-031,835226,박전표,False
JE-001114,2025-09-07,매출,거래처-033,3925357,김회계,False
JE-001654,2025-09-07,미수금,거래처-025,376334,최담당,False
JE-003975,2025-09-07,미수금,거래처-009,2500081,박전표,False
JE-003245,2025-09-07,매출원가,거래처-035,2354607,최담당,False
JE-002770,2025-09-07,미수금,거래처-019,9998733,최담당,True
JE-001501,2025-09-07,매출,거래처-008,381387,이감사,False
JE-003644,2025-09-07,미지급금,거래처-035,1541878,최담당,False
JE-001061,2025-09-07,판매비와관리비,거래처-005,370542,박전표,False
JE-002760,2025-09-08,미지급금,거래처-019,45435,박전표,False
JE-002623,2025-09-08,판매비와관리비,거래처-027,8871027,박전표,False
JE-001912,2025-09-08,매입,거래처-002,37202203,김회계,False
JE-002773,2025-09-08,판매비와관리비,거래처-011,82159,박전표,False
JE-001615,2025-09-08,판매비와관리비,거래처-010,3067902,박전표,False
JE-001690,2025-09-08,매입,거래처-038,855263,박전표,False
JE-000545,2025-09-08,매출,거래처-032,9998606,최담당,True
JE-002304,2025-09-08,매출,거래처-008,1755005,박전표,False
JE-001563,2025-09-08,매출원가,거래처-027,3580313,이감사,False
JE-002256,2025-09-08,판매비와관리비,거래처-040,2905525,김회계,False
JE-003200,2025-09-08,매출,거래처-011,288070,이감사,False
JE-003187,2025-09-08,매출,거래처-014,66696,이감사,False
JE-001164,2025-09-09,매출원가,거래처-015,232396,최담당,False
JE-001576,2025-09-09,판매비와관리비,거래처-001,196495,최담당,False
JE-002461,2025-09-09,미지급금,거래처-038,10236647,이감사,False
JE-001837,2025-09-09,미수금,거래처-012,448227,최담당,False
JE-002295,2025-09-09,매출,거래처-017,3404937,박전표,False
JE-002888,2025-09-09,미지급금,거래처-016,2287647,이감사,False
JE-004107,2025-09-09,매출원가,거래처-022,195015,최담당,False
JE-002541,2025-09-09,미지급금,거래처-020,77268076,박전표,False
JE-001006,2025-09-09,매출원가,거래처-007,15858143,박전표,False
JE-000317,2025-09-09,미지급금,거래처-017,776771,박전표,False
JE-002285,2025-09-09,매출,거래처-034,2902085,이감사,False
JE-003287,2025-09-09,매출,거래처-034,1416056,김회계,False
JE-000187,2025-09-09,판매비와관리비,거래처-028,3778682,김회계,False
JE-001811,2025-09-10,매출원가,거래처-016,3394780,이감사,False
JE-002114,2025-09-10,매출원가,거래처-029,461305,최담당,False
JE-002051,2025-09-10,매출,거래처-031,1509173,이감사,False
JE-000351,2025-09-10,판매비와관리비,거래처-039,11350,이감사,False
JE-002565,2025-09-10,판매비와관리비,거래처-010,1061390,김회계,False
JE-000385,2025-09-10,미지급금,거래처-007,618926,김회계,False
JE-000804,2025-09-10,미수금,거래처-028,4004381,이감사,False
JE-003972,2025-09-10,미지급금,거래처-003,5880909,김회계,False
JE-001252,2025-09-10,미지급금,거래처-020,3000000,김회계,True
JE-003707,2025-09-10,매입,거래처-019,803514,박전표,False
JE-001525,2025-09-10,판매비와관리비,거래처-036,1248366,이감사,False
JE-000336,2025-09-10,미수금,거래처-002,1767228,최담당,False
JE-001566,2025-09-10,미지급금,거래처-004,54623,김회계,False
JE-001491,2025-09-10,매출원가,거래처-018,18844643,이감사,False
JE-002014,2025-09-10,미수금,거래처-005,642069,최담당,False
JE-001877,2025-09-10,판매비와관리비,거래처-030,3104661,이감사,False
JE-003311,2025-09-11,판매비와관리비,거래처-006,978081,이감사,False
JE-002922,2025-09-11,매입,거래처-023,19526287,최담당,False
JE-001691,2025-09-11,매출원가,거래처-009,812707,김회계,False
JE-003089,2025-09-11,미지급금,거래처-016,81716,최담당,False
JE-003631,2025-09-11,미지급금,거래처-009,186408,박전표,False
JE-001322,2025-09-11,판매비와관리비,거래처-025,175945,이감사,False
JE-003007,2025-09-11,미지급금,거래처-027,3464610,이감사,False
JE-001278,2025-09-11,매입,거래처-005,38020,이감사,False
JE-001241,2025-09-11,매출,거래처-027,2103957,최담당,False
JE-003382,2025-09-11,매출,거래처-027,279400,김회계,False
JE-003445,2025-09-11,매출,거래처-011,255848,박전표,False
JE-003843,2025-09-11,매입,거래처-022,144070,이감사,False
JE-001854,2025-09-11,매출원가,거래처-039,1233342,최담당,False
JE-001018,2025-09-11,판매비와관리비,거래처-035,2743599,최담당,False
JE-001619,2025-09-11,매출원가,거래처-008,17393663,김회계,False
JE-003444,2025-09-12,미지급금,거래처-018,1243796,이감사,False
JE-000979,2025-09-12,미수금,거래처-016,467449,최담당,False
JE-002405,2025-09-12,판매비와관리비,거래처-004,7278556,최담당,False
JE-001442,2025-09-12,미수금,거래처-028,37651,최담당,False
JE-000658,2025-09-12,매출원가,거래처-032,494032,최담당,False
JE-001738,2025-09-12,미수금,거래처-013,8426580,최담당,False
JE-003758,2025-09-12,매입,거래처-002,161968,최담당,False
JE-002207,2025-09-12,매입,거래처-027,68636,박전표,False
JE-003969,2025-09-12,미수금,거래처-036,4031058,박전표,False
JE-001224,2025-09-12,판매비와관리비,거래처-001,292342,김회계,False
JE-001558,2025-09-12,판매비와관리비,거래처-018,3592963,박전표,False
JE-001776,2025-09-12,판매비와관리비,거래처-009,2626468,이감사,False
JE-003358,2025-09-13,매입,거래처-009,13550513,박전표,False
JE-001251,2025-09-13,판매비와관리비,거래처-012,1938346,박전표,False
JE-002605,2025-09-13,매출,거래처-027,2497443,김회계,False
JE-001012,2025-09-13,판매비와관리비,거래처-038,1996780,김회계,False
JE-001676,2025-09-13,매출,거래처-031,1649895,김회계,False
JE-000798,2025-09-13,미수금,거래처-008,192261,최담당,False
JE-002161,2025-09-13,판매비와관리비,거래처-003,605005,김회계,False
JE-000442,2025-09-13,매출,거래처-021,1000000,박전표,True
JE-001963,2025-09-14,판매비와관리비,거래처-005,3216813,최담당,False
JE-002022,2025-09-14,매입,거래처-040,389546,최담당,False
JE-001215,2025-09-14,미수금,거래처-022,7159684,최담당,False
JE-000974,2025-09-14,매출,거래처-001,109590,박전표,False
JE-001147,2025-09-14,미지급금,거래처-007,933343,이감사,False
JE-000437,2025-09-14,매입,거래처-029,214302,박전표,False
JE-002059,2025-09-14,매출,거래처-037,3430994,박전표,False
JE-002870,2025-09-14,매출원가,거래처-009,286517,이감사,False
JE-001651,2025-09-14,매출,거래처-025,457040,이감사,False
JE-002739,2025-09-14,매입,거래처-022,6861324,이감사,False
JE-000176,2025-09-14,미수금,거래처-019,1708980,최담당,False
JE-002618,2025-09-14,미지급금,거래처-031,1453251,이감사,False
JE-002358,2025-09-14,매입,거래처-032,558583,최담당,False
JE-003770,2025-09-14,매입,거래처-003,2832680,박전표,False
JE-001577,2025-09-14,미수금,거래처-031,889117,이감사,False
JE-001754,2025-09-14,판매비와관리비,거래처-024,1186051,최담당,False
JE-003736,2025-09-14,판매비와관리비,거래처-013,192294,박전표,False
JE-002294,2025-09-14,미지급금,거래처-016,265427,박전표,False
JE-002674,2025-09-14,매출원가,거래처-038,175665,이감사,False
JE-003176,2025-09-14,미수금,거래처-033,697367,이감사,False
JE-003877,2025-09-15,매입,거래처-003,12008,최담당,False
JE-003810,2025-09-15,미수금,거래처-037,6708,박전표,False
JE-004038,2025-09-15,매출,거래처-002,2002766,최담당,False
JE-002652,2025-09-15,매입,거래처-037,117673,김회계,False
JE-002553,2025-09-15,미수금,거래처-012,407141,박전표,False
JE-003784,2025-09-15,미수금,거래처-001,728111,박전표,False
JE-001511,2025-09-15,매출,거래처-034,770950,김회계,False
JE-003735,2025-09-15,판매비와관리비,거래처-019,672660,김회계,False
JE-000349,2025-09-15,판매비와관리비,거래처-018,1237782,박전표,False
JE-000402,2025-09-15,매출원가,거래처-033,388487,김회계,False
JE-003963,2025-09-15,판매비와관리비,거래처-033,21977979,박전표,False
JE-001729,2025-09-15,미지급금,거래처-029,859074,김회계,False
JE-001239,2025-09-15,미지급금,거래처-008,737876,김회계,False
JE-001222,2025-09-16,판매비와관리비,거래처-015,1145245,김회계,False
JE-002372,2025-09-16,매출원가,거래처-009,1686762,최담당,False
JE-001872,2025-09-16,판매비와관리비,거래처-032,2688532,박전표,False
JE-001592,2025-09-16,미지급금,거래처-033,175600,이감사,False
JE-000091,2025-09-16,매출,거래처-031,785516,김회계,False
JE-001719,2025-09-16,매입,거래처-007,418304,이감사,False
JE-002931,2025-09-16,판매비와관리비,거래처-020,772738,박전표,False
JE-000788,2025-09-16,매입,거래처-007,78443,이감사,False
JE-000665,2025-09-16,매출원가,거래처-020,2043761,이감사,False
JE-003724,2025-09-16,미지급금,거래처-034,6452210,최담당,False
JE-004036,2025-09-16,미지급금,거래처-030,391675,이감사,False
JE-000469,2025-09-17,판매비와관리비,거래처-021,13521701,김회계,False
JE-000229,2025-09-17,매출,거래처-018,1338216,최담당,False
JE-001987,2025-09-17,매출,거래처-040,785771,최담당,False
JE-003059,2025-09-17,미지급금,거래처-027,91808,최담당,False
JE-002069,2025-09-17,미지급금,거래처-014,108578,박전표,False
JE-001879,2025-09-17,판매비와관리비,거래처-007,105231,박전표,False
JE-000501,2025-09-17,매출,거래처-004,9289080,박전표,False
JE-003989,2025-09-17,매입,거래처-019,172127,최담당,False
JE-002197,2025-09-17,미수금,거래처-012,37127,최담당,False
JE-000235,2025-09-18,미지급금,거래처-015,248162,이감사,False
JE-000676,2025-09-18,판매비와관리비,거래처-037,55598,김회계,False
JE-003762,2025-09-18,매출,거래처-020,113373,이감사,False
JE-001898,2025-09-18,미지급금,거래처-029,506929,김회계,False
JE-002767,2025-09-18,미수금,거래처-013,634672,최담당,False
JE-001533,2025-09-18,매입,거래처-022,344979,이감사,False
JE-000134,2025-09-18,미지급금,거래처-035,1382825,최담당,False
JE-001108,2025-09-18,판매비와관리비,거래처-020,425521,김회계,False
JE-004088,2025-09-18,매출,거래처-015,260150,김회계,False
JE-000837,2025-09-18,매입,거래처-037,273112,최담당,False
JE-001008,2025-09-19,미지급금,거래처-011,84551,최담당,False
JE-003909,2025-09-19,매입,거래처-023,546941,최담당,False
JE-002498,2025-09-19,판매비와관리비,거래처-005,972315,박전표,False
JE-000387,2025-09-19,미수금,거래처-033,2316395,이감사,False
JE-002832,2025-09-19,매입,거래처-001,1546591,박전표,False
JE-002364,2025-09-19,매출원가,거래처-019,5590685,박전표,False
JE-000981,2025-09-19,매출,거래처-029,414492,박전표,False
JE-002045,2025-09-19,매출원가,거래처-006,656115,최담당,False
JE-000840,2025-09-19,미지급금,거래처-026,16543595,김회계,False
JE-000817,2025-09-19,매출원가,거래처-014,156475,이감사,False
JE-001636,2025-09-19,매출원가,거래처-021,442030,이감사,False
JE-003379,2025-09-19,매출,거래처-007,2304902,최담당,False
JE-000285,2025-09-20,매입,거래처-014,294091,최담당,False
JE-003373,2025-09-20,미지급금,거래처-023,5346303,김회계,False
JE-002746,2025-09-20,매출,거래처-009,3587130,김회계,False
JE-000513,2025-09-20,매출원가,거래처-006,332788,박전표,False
JE-002004,2025-09-20,미수금,거래처-017,1204557,김회계,False
JE-001627,2025-09-20,미지급금,거래처-008,1504636,최담당,False
JE-001975,2025-09-20,미수금,거래처-026,1281133,최담당,False
JE-000085,2025-09-20,미지급금,거래처-036,89810,박전표,False
JE-001784,2025-09-20,매입,거래처-023,18103,김회계,False
JE-000946,2025-09-21,매입,거래처-016,7792910,김회계,False
JE-003605,2025-09-21,매출원가,거래처-027,2340658,최담당,False
JE-003862,2025-09-21,매출원가,거래처-021,6297839,이감사,False
JE-003453,2025-09-21,판매비와관리비,거래처-010,2270383,박전표,False
JE-003094,2025-09-21,미지급금,거래처-009,54082,최담당,False
JE-003888,2025-09-21,매출,거래처-016,78819,최담당,False
JE-001234,2025-09-21,매출원가,거래처-040,131715,이감사,False
JE-000674,2025-09-21,미지급금,거래처-013,442844,이감사,False
JE-002705,2025-09-21,미지급금,거래처-029,3078643,최담당,False
JE-000578,2025-09-21,매출원가,거래처-025,439038,김회계,False
JE-003908,2025-09-21,매입,거래처-005,2902108,박전표,False
JE-004001,2025-09-21,매입,거래처-006,252438,김회계,False
JE-003713,2025-09-21,미지급금,거래처-001,432778,박전표,False
JE-003806,2025-09-22,미수금,거래처-029,526227,김회계,False
JE-001806,2025-09-22,판매비와관리비,거래처-011,1280563,이감사,False
JE-002191,2025-09-22,매출,거래처-006,4703940,이감사,False
JE-000516,2025-09-22,매출,거래처-020,78965,이감사,False
JE-003439,2025-09-22,매출원가,거래처-005,440091,최담당,False
JE-003847,2025-09-22,미지급금,거래처-007,49170,이감사,False
JE-003610,2025-09-22,미지급금,거래처-005,245368,김회계,False
JE-002344,2025-09-22,매출원가,거래처-038,34441,박전표,False
JE-000243,2025-09-22,미지급금,거래처-035,285652,김회계,False
JE-002159,2025-09-22,매출원가,거래처-001,3586848,최담당,False
JE-003434,2025-09-23,판매비와관리비,거래처-020,1754132,최담당,False
JE-000642,2025-09-23,매출,거래처-034,647174,김회계,False
JE-000249,2025-09-23,미수금,거래처-030,9997086,박전표,True
JE-003952,2025-09-23,매입,거래처-007,46599,이감사,False
JE-000776,2025-09-23,매출,거래처-005,703416,김회계,False
JE-002179,2025-09-23,매출원가,거래처-009,1224918,이감사,False
JE-003521,2025-09-23,매입,거래처-040,4383443,이감사,False
JE-001376,2025-09-23,판매비와관리비,거래처-001,2200392,이감사,False
JE-003191,2025-09-23,미수금,거래처-006,546620,김회계,False
JE-002499,2025-09-23,매입,거래처-001,17823399,이감사,False
JE-002384,2025-09-23,매출,거래처-015,2938226,최담당,False
JE-001485,2025-09-23,매출원가,거래처-032,15655170,김회계,False
JE-001189,2025-09-23,매출,거래처-001,104783,박전표,False
JE-000594,2025-09-23,매입,거래처-028,1056695,김회계,False
JE-003397,2025-09-23,매출원가,거래처-001,233077,이감사,False
JE-000601,2025-09-24,미수금,거래처-003,275574,이감사,False
JE-003303,2025-09-24,매출원가,거래처-034,104842,최담당,False
JE-002457,2025-09-24,매출원가,거래처-027,2484368,최담당,False
JE-001834,2025-09-24,미지급금,거래처-032,13653779,최담당,False
JE-002489,2025-09-24,미지급금,거래처-026,6326591,최담당,False
JE-000122,2025-09-24,매출,거래처-008,29853,최담당,False
JE-002007,2025-09-24,미지급금,거래처-036,1472373,박전표,False
JE-003438,2025-09-24,매출,거래처-001,1086052,박전표,False
JE-001022,2025-09-24,판매비와관리비,거래처-014,2038465,박전표,False
JE-003175,2025-09-24,미수금,거래처-023,636047,박전표,False
JE-000865,2025-09-24,판매비와관리비,거래처-026,2015225,김회계,False
JE-002656,2025-09-24,판매비와관리비,거래처-007,446953,최담당,False
JE-003010,2025-09-24,미수금,거래처-021,2916691,이감사,False
JE-003627,2025-09-24,판매비와관리비,거래처-002,13779,박전표,False
JE-003590,2025-09-25,매출원가,거래처-028,634536,김회계,False
JE-000404,2025-09-25,미지급금,거래처-005,1489745,박전표,False
JE-000838,2025-09-25,매출원가,거래처-031,3139091,이감사,False
JE-000955,2025-09-25,매출,거래처-022,2932838,이감사,False
JE-003442,2025-09-25,미지급금,거래처-035,126028,김회계,False
JE-000816,2025-09-25,미수금,거래처-040,282896,이감사,False
JE-000834,2025-09-25,미수금,거래처-010,32585256,최담당,False
JE-003658,2025-09-25,매출원가,거래처-013,58039,최담당,False
JE-000860,2025-09-25,매출,거래처-026,1747580,최담당,False
JE-002631,2025-09-25,매출원가,거래처-009,98195,박전표,False
JE-000297,2025-09-26,매입,거래처-021,8535735,이감사,False
JE-000646,2025-09-26,매입,거래처-019,2000000,이감사,True
JE-000255,2025-09-26,미지급금,거래처-040,1401226,김회계,False
JE-000963,2025-09-26,미수금,거래처-024,1480770,박전표,False
JE-002530,2025-09-26,판매비와관리비,거래처-036,2302156,최담당,False
JE-001543,2025-09-26,매출,거래처-026,1613301,박전표,False
JE-001240,2025-09-26,매출,거래처-003,6052651,최담당,False
JE-002154,2025-09-26,매입,거래처-035,76442,김회계,False
JE-003322,2025-09-26,판매비와관리비,거래처-026,3305391,박전표,False
JE-001474,2025-09-26,판매비와관리비,거래처-008,852703,이감사,False
JE-002996,2025-09-26,매출원가,거래처-014,120924,이감사,False
JE-003067,2025-09-27,미지급금,거래처-007,1375570,박전표,False
JE-000027,2025-09-27,매입,거래처-021,1885470,김회계,False
JE-001425,2025-09-27,매입,거래처-040,53913,김회계,False
JE-001718,2025-09-27,매출,거래처-006,4576753,김회계,False
JE-003050,2025-09-27,미지급금,거래처-037,508545,최담당,False
JE-004130,2025-09-27,판매비와관리비,거래처-016,6675486,이감사,False
JE-003021,2025-09-27,미수금,거래처-005,248959,이감사,False
JE-000842,2025-09-27,미지급금,거래처-037,10456906,박전표,False
JE-001844,2025-09-27,미지급금,거래처-025,549100,김회계,False
JE-002134,2025-09-27,미지급금,거래처-023,1339089,이감사,False
JE-002182,2025-09-27,매출,거래처-035,97335,김회계,False
JE-000775,2025-09-27,판매비와관리비,거래처-022,3539853,김회계,False
JE-003556,2025-09-27,미수금,거래처-022,238279,박전표,False
JE-000739,2025-09-27,판매비와관리비,거래처-034,1260735,김회계,False
JE-003599,2025-09-27,매출,거래처-034,351945,박전표,False
JE-001128,2025-09-28,매입,거래처-036,31004,이감사,False
JE-000511,2025-09-28,미수금,거래처-036,45462,김회계,False
JE-002658,2025-09-28,매입,거래처-017,135534,박전표,False
JE-001195,2025-09-28,매입,거래처-021,163062,최담당,False
JE-004101,2025-09-28,미수금,거래처-024,1572582,최담당,False
JE-001671,2025-09-28,미지급금,거래처-019,544011,박전표,False
JE-001175,2025-09-28,미지급금,거래처-019,10000000,최담당,True
JE-001629,2025-09-28,매출원가,거래처-038,749930,이감사,False
JE-000876,2025-09-28,매출원가,거래처-009,113128,박전표,False
JE-001668,2025-09-28,매출,거래처-004,79898,박전표,False
JE-003226,2025-09-29,매입,거래처-035,2740022,김회계,False
JE-003049,2025-09-29,판매비와관리비,거래처-031,1599540,이감사,False
JE-003482,2025-09-29,매출원가,거래처-009,1490076,박전표,False
JE-002533,2025-09-29,매출원가,거래처-034,256186,박전표,False
JE-000943,2025-09-29,매출,거래처-008,2278808,박전표,False
JE-002538,2025-09-29,매출,거래처-032,1817294,박전표,False
JE-002588,2025-09-29,매입,거래처-012,11193326,박전표,False
JE-003028,2025-09-29,매출,거래처-006,2816530,이감사,False
JE-002646,2025-09-29,매출,거래처-016,1634931,최담당,False
JE-003539,2025-09-29,미수금,거래처-034,808038,김회계,False
JE-000263,2025-09-29,매출,거래처-024,662551,이감사,False
JE-003418,2025-09-29,판매비와관리비,거래처-019,3025551,이감사,False
JE-001324,2025-09-29,매입,거래처-036,10480,이감사,False
JE-003167,2025-09-30,미수금,거래처-012,2000000,최담당,True
JE-002507,2025-09-30,판매비와관리비,거래처-036,2000000,이감사,True
JE-000125,2025-09-30,미지급금,거래처-018,1295400,박전표,False
JE-003778,2025-09-30,매출원가,거래처-022,9996947,김회계,True
JE-003045,2025-09-30,매입,거래처-028,1350020,박전표,False
JE-001681,2025-09-30,미수금,거래처-016,7482466,김회계,False
JE-003791,2025-09-30,미지급금,거래처-026,768696,이감사,False
JE-003795,2025-09-30,매입,거래처-006,40282,최담당,False
JE-000758,2025-09-30,판매비와관리비,거래처-037,515334,김회계,False
JE-002157,2025-10-01,미수금,거래처-031,398910,김회계,False
JE-002476,2025-10-01,미수금,거래처-030,3000000,이감사,True
JE-001562,2025-10-01,미지급금,거래처-031,1954833,김회계,False
JE-000801,2025-10-01,매출원가,거래처-033,97764,이감사,False
JE-001476,2025-10-01,매입,거래처-014,942513,김회계,False
JE-003009,2025-10-01,미수금,거래처-010,72571,최담당,False
JE-002430,2025-10-01,매출원가,거래처-021,484550,김회계,False
JE-000968,2025-10-01,판매비와관리비,거래처-027,3202745,박전표,False
JE-001682,2025-10-01,판매비와관리비,거래처-019,35706,이감사,False
JE-003923,2025-10-01,매입,거래처-038,1407847,최담당,False
JE-000766,2025-10-01,미지급금,거래처-013,1725203,이감사,False
JE-004108,2025-10-01,미수금,거래처-002,51362,박전표,False
JE-002308,2025-10-01,미지급금,거래처-021,630038,이감사,False
JE-003805,2025-10-01,매출,거래처-020,446634,최담당,False
JE-003598,2025-10-02,매입,거래처-024,8253846,이감사,False
JE-003499,2025-10-02,미수금,거래처-009,9997724,이감사,True
JE-002561,2025-10-02,매출,거래처-022,2804994,김회계,False
JE-001672,2025-10-02,매출,거래처-027,1128872,이감사,False
JE-003399,2025-10-02,미지급금,거래처-031,256055,최담당,False
JE-000554,2025-10-02,판매비와관리비,거래처-026,2411200,박전표,False
JE-002058,2025-10-02,미수금,거래처-020,899166,최담당,False
JE-001388,2025-10-02,미지급금,거래처-034,25016,박전표,False
JE-002104,2025-10-02,미수금,거래처-020,387554,최담당,False
JE-002055,2025-10-02,매출,거래처-031,1023088,박전표,False
JE-003737,2025-10-02,미지급금,거래처-005,2055814,최담당,False
JE-002462,2025-10-02,미수금,거래처-036,402421,최담당,False
JE-003426,2025-10-02,미수금,거래처-018,33965,최담당,False
JE-002376,2025-10-03,매출원가,거래처-001,1961275,최담당,False
JE-003424,2025-10-03,매입,거래처-002,5352188,이감사,False
JE-002315,2025-10-03,미지급금,거래처-026,89637,이감사,False
JE-000472,2025-10-03,매출,거래처-002,126756,박전표,False
JE-002079,2025-10-03,매입,거래처-035,50036,이감사,False
JE-002240,2025-10-03,매출,거래처-007,398370,박전표,False
JE-001922,2025-10-03,미수금,거래처-008,1086484,김회계,False
JE-002268,2025-10-04,미수금,거래처-038,1216254,박전표,False
JE-000844,2025-10-04,미지급금,거래처-038,1234108,이감사,False
JE-000503,2025-10-04,미수금,거래처-028,138004,최담당,False
JE-002687,2025-10-04,미지급금,거래처-014,204747,최담당,False
JE-003596,2025-10-04,매출원가,거래처-004,186244,박전표,False
JE-000123,2025-10-04,매출원가,거래처-024,2201780,박전표,False
JE-002890,2025-10-04,미수금,거래처-021,875016,최담당,False
JE-002602,2025-10-04,판매비와관리비,거래처-015,353938,최담당,False
JE-002747,2025-10-04,미수금,거래처-008,169920,최담당,False
JE-000480,2025-10-04,판매비와관리비,거래처-004,9995435,김회계,True
JE-003184,2025-10-05,판매비와관리비,거래처-005,444882,이감사,False
JE-003902,2025-10-05,미수금,거래처-040,827680,이감사,False
JE-002469,2025-10-05,매출,거래처-026,7640174,이감사,False
JE-002560,2025-10-05,판매비와관리비,거래처-029,316755,박전표,False
JE-004005,2025-10-05,매출,거래처-021,61156,김회계,False
JE-000112,2025-10-05,매출,거래처-010,1112308,박전표,False
JE-001382,2025-10-05,판매비와관리비,거래처-030,5543839,최담당,False
JE-002164,2025-10-06,매출원가,거래처-031,1032579,김회계,False
JE-003421,2025-10-06,미지급금,거래처-037,1023503,이감사,False
JE-001985,2025-10-06,매출,거래처-019,383844,김회계,False
JE-000192,2025-10-06,매출원가,거래처-013,142109,최담당,False
JE-000247,2025-10-06,매입,거래처-036,1682475,김회계,False
JE-001513,2025-10-06,매출,거래처-032,84063,최담당,False
JE-002833,2025-10-06,매출원가,거래처-026,139229,이감사,False
JE-000937,2025-10-06,미수금,거래처-017,3463747,이감사,False
JE-003154,2025-10-06,매출,거래처-008,1667314,최담당,False
JE-003692,2025-10-06,매출원가,거래처-007,1171989,김회계,False
JE-002821,2025-10-06,미수금,거래처-026,555345,이감사,False
JE-001263,2025-10-06,매출원가,거래처-027,570406,박전표,False
JE-000420,2025-10-07,미지급금,거래처-014,368022,김회계,False
JE-001014,2025-10-07,매입,거래처-038,1099817,최담당,False
JE-000237,2025-10-07,미지급금,거래처-007,181841,이감사,False
JE-002465,2025-10-07,미지급금,거래처-022,2065635,박전표,False
JE-000773,2025-10-07,매출원가,거래처-034,11446925,김회계,False
JE-003839,2025-10-07,매출,거래처-031,3434031,김회계,False
JE-001748,2025-10-07,판매비와관리비,거래처-025,9642,이감사,False
JE-000751,2025-10-08,매입,거래처-027,3428656,김회계,False
JE-000416,2025-10-08,판매비와관리비,거래처-019,1184554,김회계,False
JE-002229,2025-10-08,판매비와관리비,거래처-038,2232683,박전표,False
JE-001173,2025-10-08,매출,거래처-018,398519,최담당,False
JE-003648,2025-10-08,매입,거래처-017,773259,최담당,False
JE-000139,2025-10-08,매출,거래처-026,14730145,최담당,False
JE-002060,2025-10-08,매출원가,거래처-011,145269,박전표,False
JE-002926,2025-10-08,매출원가,거래처-029,1938039,이감사,False
JE-003890,2025-10-08,미지급금,거래처-036,2527882,박전표,False
JE-001389,2025-10-08,매출,거래처-007,2192204,김회계,False
JE-000919,2025-10-08,판매비와관리비,거래처-006,3480424,최담당,False
JE-002590,2025-10-08,미수금,거래처-031,5894927,김회계,False
JE-001921,2025-10-08,미지급금,거래처-035,4706674,김회계,False
JE-000675,2025-10-09,매출원가,거래처-040,451829,이감사,False
JE-001007,2025-10-09,미수금,거래처-038,40914,최담당,False
JE-003326,2025-10-09,매입,거래처-026,32888,김회계,False
JE-001285,2025-10-09,매입,거래처-026,134100,최담당,False
JE-002508,2025-10-09,미지급금,거래처-012,841730,최담당,False
JE-002610,2025-10-09,매출,거래처-015,2115785,박전표,False
JE-003866,2025-10-09,판매비와관리비,거래처-020,1683777,박전표,False
JE-000518,2025-10-09,판매비와관리비,거래처-007,538858,이감사,False
JE-000568,2025-10-09,매입,거래처-003,1311196,최담당,False
JE-001362,2025-10-09,매입,거래처-019,229925,박전표,False
JE-002120,2025-10-10,미지급금,거래처-013,2503294,최담당,False
JE-003143,2025-10-10,매출원가,거래처-004,159526,김회계,False
JE-002842,2025-10-10,매출원가,거래처-031,109983,김회계,False
JE-003699,2025-10-10,매입,거래처-005,567718,최담당,False
JE-001826,2025-10-10,매출,거래처-029,4648301,박전표,False
JE-002921,2025-10-10,미지급금,거래처-004,674718,박전표,False
JE-000726,2025-10-11,매출,거래처-015,175661,김회계,False
JE-001267,2025-10-11,미지급금,거래처-021,9996746,이감사,True
JE-002598,2025-10-11,판매비와관리비,거래처-032,417500,이감사,False
JE-002042,2025-10-11,매출,거래처-012,1777029,박전표,False
JE-002955,2025-10-11,미수금,거래처-031,130460,박전표,False
JE-003729,2025-10-11,미수금,거래처-004,447849,최담당,False
JE-002024,2025-10-11,매입,거래처-006,1317873,이감사,False
JE-003309,2025-10-11,매출원가,거래처-030,7805420,이감사,False
JE-001707,2025-10-11,미수금,거래처-020,348104,최담당,False
JE-001961,2025-10-11,미수금,거래처-029,1128703,이감사,False
JE-003317,2025-10-11,매입,거래처-002,1082962,김회계,False
JE-002346,2025-10-11,미지급금,거래처-018,415634,박전표,False
JE-003589,2025-10-11,매입,거래처-003,561111,박전표,False
JE-000180,2025-10-11,매입,거래처-029,208592,김회계,False
JE-003305,2025-10-11,매출원가,거래처-035,1356373,이감사,False
JE-002976,2025-10-12,매출,거래처-027,9997281,최담당,True
JE-003449,2025-10-12,매입,거래처-032,286677,최담당,False
JE-003446,2025-10-12,매출원가,거래처-005,167149,박전표,False
JE-001165,2025-10-12,매출,거래처-039,22005333,김회계,False
JE-001375,2025-10-12,매출원가,거래처-040,186335,최담당,False
JE-000982,2025-10-12,미수금,거래처-031,659138,최담당,False
JE-001272,2025-10-12,판매비와관리비,거래처-022,390396,김회계,False
JE-001901,2025-10-12,미수금,거래처-040,966195,박전표,False
JE-003641,2025-10-12,매출,거래처-033,9998506,이감사,True
JE-001005,2025-10-12,매출원가,거래처-012,644500,박전표,False
JE-003912,2025-10-12,미지급금,거래처-021,1983030,최담당,False
JE-002206,2025-10-12,매출원가,거래처-028,93252354,박전표,False
JE-000889,2025-10-13,판매비와관리비,거래처-012,1364125,김회계,False
JE-001565,2025-10-13,매출,거래처-031,765290,박전표,False
JE-000410,2025-10-13,매입,거래처-003,324304,이감사,False
JE-003561,2025-10-13,미수금,거래처-037,650914,박전표,False
JE-000423,2025-10-13,매출원가,거래처-011,1530939,김회계,False
JE-000687,2025-10-13,미수금,거래처-018,476282,박전표,False
JE-003325,2025-10-13,미수금,거래처-038,379888,이감사,False
JE-003780,2025-10-13,매입,거래처-038,181593,이감사,False
JE-000350,2025-10-13,미수금,거래처-013,557602,이감사,False
JE-001434,2025-10-13,매출원가,거래처-006,266164,최담당,False
JE-000150,2025-10-13,매입,거래처-037,25843533,김회계,False
JE-001816,2025-10-13,매출원가,거래처-009,837009,박전표,False
JE-001782,2025-10-13,매입,거래처-009,13030289,이감사,False
JE-001412,2025-10-13,매출원가,거래처-019,717105,이감사,False
JE-003722,2025-10-13,매입,거래처-033,2549493,최담당,False
JE-000094,2025-10-13,매입,거래처-015,9998285,최담당,True
JE-001170,2025-10-13,판매비와관리비,거래처-009,268508,이감사,False
JE-003733,2025-10-14,매출,거래처-040,768590,박전표,False
JE-003429,2025-10-14,미수금,거래처-036,12958472,최담당,False
JE-003564,2025-10-14,매출원가,거래처-005,5206786,최담당,False
JE-003430,2025-10-14,판매비와관리비,거래처-023,607850,이감사,False
JE-003841,2025-10-14,미수금,거래처-016,130885,박전표,False
JE-001742,2025-10-14,미지급금,거래처-004,3175825,최담당,False
JE-002823,2025-10-14,판매비와관리비,거래처-014,25027,박전표,False
JE-002395,2025-10-14,미수금,거래처-008,6418872,박전표,False
JE-002002,2025-10-14,매입,거래처-037,366900,김회계,False
JE-003757,2025-10-14,매출원가,거래처-006,3469784,김회계,False
JE-003332,2025-10-14,매출,거래처-038,10000000,최담당,True
JE-004079,2025-10-15,매입,거래처-016,183658,최담당,False
JE-003457,2025-10-15,판매비와관리비,거래처-032,4784110,박전표,False
JE-002284,2025-10-15,매입,거래처-007,49428,박전표,False
JE-000375,2025-10-15,미지급금,거래처-019,412494,이감사,False
JE-000449,2025-10-15,미수금,거래처-006,724029,김회계,False
JE-004059,2025-10-15,매출,거래처-011,124694,최담당,False
JE-001441,2025-10-15,미지급금,거래처-002,286130,최담당,False
JE-003938,2025-10-15,매출원가,거래처-028,2055389,박전표,False
JE-000567,2025-10-15,매입,거래처-003,1138281,김회계,False
JE-002152,2025-10-15,미수금,거래처-021,20771020,박전표,False
JE-002918,2025-10-15,미지급금,거래처-035,195571,이감사,False
JE-003567,2025-10-15,미수금,거래처-017,734461,김회계,False
JE-003377,2025-10-15,매출,거래처-010,150845,김회계,False
JE-001226,2025-10-15,매출,거래처-026,4473626,김회계,False
JE-002390,2025-10-16,미수금,거래처-021,2103506,김회계,False
JE-001572,2025-10-16,판매비와관리비,거래처-002,602929,박전표,False
JE-000723,2025-10-16,미지급금,거래처-010,19874,최담당,False
JE-003674,2025-10-16,미지급금,거래처-039,1819147,최담당,False
JE-001605,2025-10-16,매출원가,거래처-003,191436,최담당,False
JE-001496,2025-10-16,매입,거래처-039,233430,최담당,False
JE-003061,2025-10-16,판매비와관리비,거래처-016,837357,김회계,False
JE-003950,2025-10-16,판매비와관리비,거래처-019,1949540,이감사,False
JE-002446,2025-10-16,미지급금,거래처-022,907604,박전표,False
JE-002805,2025-10-16,매출,거래처-017,154108,김회계,False
JE-002510,2025-10-16,매출원가,거래처-024,2423389,김회계,False
JE-001119,2025-10-16,미지급금,거래처-005,108878,박전표,False
JE-000923,2025-10-16,미수금,거래처-021,432791,김회계,False
JE-001663,2025-10-17,매출,거래처-011,496481,이감사,False
JE-001812,2025-10-17,매입,거래처-020,194322,최담당,False
JE-001320,2025-10-17,미수금,거래처-020,262078,최담당,False
JE-003587,2025-10-17,미지급금,거래처-009,203405,김회계,False
JE-002542,2025-10-17,판매비와관리비,거래처-033,759341,최담당,False
JE-001724,2025-10-17,미수금,거래처-019,1290848,김회계,False
JE-004112,2025-10-17,매출,거래처-031,10000000,박전표,True
JE-003341,2025-10-17,미수금,거래처-008,3437987,이감사,False
JE-000240,2025-10-17,미수금,거래처-040,434358,박전표,False
JE-002898,2025-10-17,매출,거래처-014,1877497,최담당,False
JE-003450,2025-10-17,미수금,거래처-017,3533566,최담당,False
JE-003091,2025-10-17,판매비와관리비,거래처-010,46048,이감사,False
JE-002956,2025-10-17,매입,거래처-015,42227,이감사,False
JE-002905,2025-10-17,매출원가,거래처-021,2567458,박전표,False
JE-000398,2025-10-17,매출,거래처-011,226993,김회계,False
JE-001265,2025-10-17,매입,거래처-025,121003,김회계,False
JE-003962,2025-10-17,매출원가,거래처-017,499492,이감사,False
JE-002851,2025-10-17,미지급금,거래처-016,9997599,최담당,True
JE-001454,2025-10-18,미지급금,거래처-029,75486,김회계,False
JE-000341,2025-10-18,미지급금,거래처-028,164986,박전표,False
JE-001756,2025-10-18,매입,거래처-009,13880687,김회계,False
JE-001662,2025-10-18,미수금,거래처-017,549644,박전표,False
JE-002751,2025-10-18,매입,거래처-016,3000000,최담당,True
JE-000117,2025-10-18,매출,거래처-003,2499924,김회계,False
JE-001818,2025-10-18,매출원가,거래처-001,581733,이감사,False
JE-000101,2025-10-18,매출,거래처-004,72014,박전표,False
JE-002663,2025-10-18,매출,거래처-002,266478,최담당,False
JE-000538,2025-10-18,미지급금,거래처-030,122061,김회계,False
JE-002929,2025-10-19,매출원가,거래처-022,7559464,김회계,False
JE-003649,2025-10-19,매입,거래처-034,810051,박전표,False
JE-001400,2025-10-19,매출원가,거래처-025,406302,최담당,False
JE-003057,2025-10-19,매출,거래처-028,4878558,김회계,False
JE-000279,2025-10-19,미수금,거래처-008,359311,이감사,False
JE-000525,2025-10-19,매입,거래처-014,17139,이감사,False
JE-003507,2025-10-19,판매비와관리비,거래처-003,658939,이감사,False
JE-001284,2025-10-19,매입,거래처-011,186967,박전표,False
JE-002827,2025-10-19,매출,거래처-019,3000000,최담당,True
JE-000160,2025-10-19,매입,거래처-028,37302,최담당,False
JE-002100,2025-10-19,미수금,거래처-025,203493,김회계,False
JE-001296,2025-10-19,미지급금,거래처-010,1977345,이감사,False
JE-003485,2025-10-19,판매비와관리비,거래처-021,493399,김회계,False
JE-002186,2025-10-19,판매비와관리비,거래처-029,581168,박전표,False
JE-003062,2025-10-20,판매비와관리비,거래처-009,3476665,최담당,False
JE-002331,2025-10-20,매출원가,거래처-025,416015,김회계,False
JE-000206,2025-10-20,미수금,거래처-021,65864880,박전표,False
JE-002609,2025-10-20,판매비와관리비,거래처-039,305715,최담당,False
JE-002018,2025-10-20,매입,거래처-001,881925,박전표,False
JE-002895,2025-10-20,판매비와관리비,거래처-032,2566154,김회계,False
JE-003097,2025-10-20,미수금,거래처-002,2009657,김회계,False
JE-003393,2025-10-20,판매비와관리비,거래처-037,355683,이감사,False
JE-002217,2025-10-20,매출원가,거래처-039,3783082,최담당,False
JE-000562,2025-10-20,미지급금,거래처-015,849754,김회계,False
JE-001960,2025-10-20,판매비와관리비,거래처-026,588824,김회계,False
JE-003716,2025-10-20,판매비와관리비,거래처-029,2286612,최담당,False
JE-003456,2025-10-21,매출원가,거래처-020,226012,박전표,False
JE-001555,2025-10-21,미수금,거래처-018,22511006,박전표,False
JE-000230,2025-10-21,매출,거래처-006,11176951,박전표,False
JE-002672,2025-10-21,판매비와관리비,거래처-038,28899722,이감사,False
JE-003532,2025-10-21,미수금,거래처-011,1044306,최담당,False
JE-001538,2025-10-21,매출원가,거래처-017,1147286,이감사,False
JE-001609,2025-10-21,판매비와관리비,거래처-011,340715,최담당,False
JE-002456,2025-10-21,매입,거래처-014,197734,이감사,False
JE-000867,2025-10-22,미지급금,거래처-016,2706363,김회계,False
JE-002106,2025-10-22,매출원가,거래처-029,1159868,이감사,False
JE-002657,2025-10-22,미수금,거래처-010,11476086,김회계,False
JE-002220,2025-10-22,매출,거래처-025,2583214,이감사,False
JE-000026,2025-10-22,미수금,거래처-015,125360,최담당,False
JE-001580,2025-10-22,매출,거래처-020,874487,이감사,False
JE-002404,2025-10-22,매출원가,거래처-008,289759,김회계,False
JE-000154,2025-10-22,매출,거래처-004,633742,김회계,False
JE-002910,2025-10-22,매출,거래처-006,548139,박전표,False
JE-000181,2025-10-22,판매비와관리비,거래처-003,522066,김회계,False
JE-001183,2025-10-23,매입,거래처-003,164437,김회계,False
JE-000762,2025-10-23,미지급금,거래처-026,251497,최담당,False
JE-002896,2025-10-23,매출,거래처-017,1538204,박전표,False
JE-003821,2025-10-23,미지급금,거래처-020,1256450,김회계,False
JE-003645,2025-10-23,판매비와관리비,거래처-036,2965244,최담당,False
JE-002911,2025-10-23,미수금,거래처-030,652340,김회계,False
JE-000083,2025-10-23,매입,거래처-004,816009,최담당,False
JE-000772,2025-10-23,미지급금,거래처-012,251852,이감사,False
JE-000261,2025-10-23,매입,거래처-032,209254,최담당,False
JE-000012,2025-10-23,미지급금,거래처-008,5381277,김회계,False
JE-000113,2025-10-23,미지급금,거래처-003,95156,김회계,False
JE-003767,2025-10-24,매출,거래처-023,472841,최담당,False
JE-001451,2025-10-24,매입,거래처-039,2531766,김회계,False
JE-001139,2025-10-24,미지급금,거래처-012,384788,이감사,False
JE-003702,2025-10-24,매출,거래처-028,561281,김회계,False
JE-002391,2025-10-24,매출,거래처-010,1362358,박전표,False
JE-000566,2025-10-24,미지급금,거래처-024,411339,이감사,False
JE-001797,2025-10-24,매출,거래처-015,446233,최담당,False
JE-003024,2025-10-24,미수금,거래처-026,183304,최담당,False
JE-001967,2025-10-25,매출,거래처-029,518094,최담당,False
JE-001437,2025-10-25,매출,거래처-024,3000000,박전표,True
JE-000895,2025-10-25,미수금,거래처-014,215451,김회계,False
JE-003308,2025-10-25,판매비와관리비,거래처-015,28903190,최담당,False
JE-001934,2025-10-25,매출,거래처-023,208263,박전표,False
JE-000381,2025-10-25,매출,거래처-026,1000000,김회계,True
JE-001924,2025-10-25,매출,거래처-030,188384,박전표,False
JE-003991,2025-10-25,매출,거래처-010,2725071,최담당,False
JE-001883,2025-10-25,매출,거래처-013,38261,김회계,False
JE-003476,2025-10-25,매출,거래처-040,486693,김회계,False
JE-000104,2025-10-25,매입,거래처-005,207805,이감사,False
JE-001862,2025-10-25,판매비와관리비,거래처-040,7788499,김회계,False
JE-001904,2025-10-25,판매비와관리비,거래처-040,269539,박전표,False
JE-001888,2025-10-25,매입,거래처-029,683821,이감사,False
JE-000898,2025-10-25,매입,거래처-038,1374354,박전표,False
JE-003964,2025-10-25,미지급금,거래처-019,350698,박전표,False
JE-000600,2025-10-26,미지급금,거래처-011,137786,이감사,False
JE-002123,2025-10-26,매출,거래처-037,464528,김회계,False
JE-000835,2025-10-26,미지급금,거래처-010,17435,박전표,False
JE-001788,2025-10-26,매입,거래처-002,2861292,김회계,False
JE-004105,2025-10-26,매출,거래처-026,413602,김회계,False
JE-001110,2025-10-26,매출,거래처-005,87947,박전표,False
JE-003531,2025-10-26,판매비와관리비,거래처-014,9998838,이감사,True
JE-004127,2025-10-27,매출원가,거래처-027,8056400,이감사,False
JE-004144,2025-10-27,매입,거래처-007,378305,이감사,False
JE-003005,2025-10-27,미수금,거래처-004,100027,이감사,False
JE-003202,2025-10-27,매출,거래처-031,714471,최담당,False
JE-001253,2025-10-27,미수금,거래처-031,746752,이감사,False
JE-001137,2025-10-27,미지급금,거래처-040,492651,최담당,False
JE-000439,2025-10-27,미수금,거래처-018,397098,김회계,False
JE-002490,2025-10-27,매출,거래처-023,1968133,최담당,False
JE-001027,2025-10-28,판매비와관리비,거래처-011,1056055,이감사,False
JE-004142,2025-10-28,판매비와관리비,거래처-026,7387455,최담당,False
JE-000699,2025-10-28,매출원가,거래처-001,2173454,이감사,False
JE-000428,2025-10-28,미지급금,거래처-028,935360,박전표,False
JE-003942,2025-10-28,미수금,거래처-027,339445,박전표,False
JE-000679,2025-10-28,판매비와관리비,거래처-005,3213816,박전표,False
JE-003573,2025-10-28,매출원가,거래처-006,616394,김회계,False
JE-002219,2025-10-28,매출원가,거래처-012,448165,김회계,False
JE-001421,2025-10-28,미수금,거래처-013,843470,김회계,False
JE-000475,2025-10-29,매입,거래처-004,125465,이감사,False
JE-003919,2025-10-29,미지급금,거래처-021,102115952,이감사,False
JE-003331,2025-10-29,판매비와관리비,거래처-040,15567994,김회계,False
JE-002917,2025-10-29,매출,거래처-039,1589859,이감사,False
JE-004000,2025-10-29,미지급금,거래처-022,423872,박전표,False
JE-003808,2025-10-29,매출원가,거래처-038,1462453,최담당,False
JE-002572,2025-10-29,매출,거래처-004,1429134,김회계,False
JE-002249,2025-10-29,미수금,거래처-009,1036139,김회계,False
JE-002763,2025-10-29,미지급금,거래처-017,1452043,김회계,False
JE-000664,2025-10-29,미수금,거래처-013,95911,이감사,False
JE-004007,2025-10-29,미수금,거래처-015,126927,최담당,False
JE-000156,2025-10-30,매출,거래처-014,2324121,이감사,False
JE-003459,2025-10-30,판매비와관리비,거래처-039,1306994,최담당,False
JE-003936,2025-10-30,미지급금,거래처-035,503127,이감사,False
JE-003897,2025-10-30,매입,거래처-016,221594,김회계,False
JE-003728,2025-10-30,매출원가,거래처-034,49033,박전표,False
JE-001767,2025-10-30,미지급금,거래처-037,179553,최담당,False
JE-002783,2025-10-30,매출원가,거래처-008,3264153,박전표,False
JE-003088,2025-10-30,판매비와관리비,거래처-013,1123717,최담당,False
JE-000537,2025-10-30,미수금,거래처-011,55914,김회계,False
JE-003210,2025-10-30,미수금,거래처-026,199302,이감사,False
JE-002477,2025-10-30,미지급금,거래처-037,623076,최담당,False
JE-002625,2025-10-30,매출,거래처-008,477073,최담당,False
JE-000813,2025-10-31,판매비와관리비,거래처-020,2530026,김회계,False
JE-001347,2025-10-31,미수금,거래처-021,597187,이감사,False
JE-002914,2025-10-31,매출원가,거래처-026,62440,최담당,False
JE-003146,2025-10-31,미지급금,거래처-040,11086829,박전표,False
JE-002641,2025-10-31,미수금,거래처-026,17666,최담당,False
JE-001387,2025-10-31,매출,거래처-032,3737605,박전표,False
JE-004071,2025-11-01,미수금,거래처-037,4078161,김회계,False
JE-002146,2025-11-01,미수금,거래처-022,569658,최담당,False
JE-000584,2025-11-01,매입,거래처-036,3000000,최담당,True
JE-002759,2025-11-01,매출원가,거래처-021,1315031,박전표,False
JE-000686,2025-11-01,판매비와관리비,거래처-024,335068,박전표,False
JE-002292,2025-11-01,판매비와관리비,거래처-021,421486,최담당,False
JE-001323,2025-11-01,미지급금,거래처-035,1187056,박전표,False
JE-000783,2025-11-01,매입,거래처-018,5839007,김회계,False
JE-002562,2025-11-01,매입,거래처-038,3258819,김회계,False
JE-003003,2025-11-01,미수금,거래처-008,63850,김회계,False
JE-002459,2025-11-01,매입,거래처-016,97557,김회계,False
JE-003814,2025-11-01,매입,거래처-017,472277,김회계,False
JE-002666,2025-11-01,판매비와관리비,거래처-039,5022135,이감사,False
JE-002378,2025-11-01,매출원가,거래처-032,1759120,최담당,False
JE-003188,2025-11-02,미수금,거래처-012,428708,이감사,False
JE-001861,2025-11-02,판매비와관리비,거래처-025,2069457,김회계,False
JE-000152,2025-11-02,미지급금,거래처-023,115992,김회계,False
JE-002031,2025-11-02,매출,거래처-005,5751102,박전표,False
JE-004061,2025-11-02,미수금,거래처-017,3628800,최담당,False
JE-002923,2025-11-02,매입,거래처-027,65315333,김회계,False
JE-003945,2025-11-02,매출,거래처-039,429175,박전표,False
JE-000300,2025-11-02,매출원가,거래처-027,5041532,최담당,False
JE-003480,2025-11-02,미지급금,거래처-027,5778276,김회계,False
JE-000137,2025-11-02,매출,거래처-021,390529,이감사,False
JE-001211,2025-11-02,매출원가,거래처-038,1408274,김회계,False
JE-001484,2025-11-02,미수금,거래처-023,10000000,이감사,True
JE-002707,2025-11-02,미수금,거래처-001,203193,박전표,False
JE-002312,2025-11-03,매출원가,거래처-027,550078,김회계,False
JE-001472,2025-11-03,매입,거래처-014,2730241,최담당,False
JE-002167,2025-11-03,매출원가,거래처-001,876187,김회계,False
JE-000695,2025-11-03,판매비와관리비,거래처-003,979201,이감사,False
JE-000258,2025-11-03,미수금,거래처-033,668041,김회계,False
JE-002037,2025-11-03,판매비와관리비,거래처-004,30810,최담당,False
JE-001905,2025-11-03,매출,거래처-012,715180,최담당,False
JE-001969,2025-11-03,미지급금,거래처-005,47736,김회계,False
JE-003396,2025-11-03,매출원가,거래처-030,539427,이감사,False
JE-001655,2025-11-03,판매비와관리비,거래처-015,499661,이감사,False
JE-000115,2025-11-03,매입,거래처-040,226112,최담당,False
JE-000314,2025-11-03,매입,거래처-038,2115107,박전표,False
JE-003686,2025-11-03,미지급금,거래처-021,167254,최담당,False
JE-002718,2025-11-03,미지급금,거래처-003,407174,이감사,False
JE-002879,2025-11-04,판매비와관리비,거래처-029,327424,최담당,False
JE-002795,2025-11-04,매입,거래처-037,1649055,이감사,False
JE-002368,2025-11-04,미수금,거래처-037,1124163,김회계,False
JE-001688,2025-11-04,매출원가,거래처-021,37418,최담당,False
JE-001669,2025-11-04,매출원가,거래처-031,1135872,이감사,False
JE-001254,2025-11-04,매출,거래처-036,305873,박전표,False
JE-003270,2025-11-04,판매비와관리비,거래처-034,1058414,최담당,False
JE-001928,2025-11-05,매입,거래처-001,370980,최담당,False
JE-000926,2025-11-05,판매비와관리비,거래처-016,9436311,이감사,False
JE-001801,2025-11-05,매입,거래처-023,313175,최담당,False
JE-000500,2025-11-05,미수금,거래처-033,1545684,최담당,False
JE-001698,2025-11-05,매출,거래처-032,957694,최담당,False
JE-001191,2025-11-05,판매비와관리비,거래처-009,237322,박전표,False
JE-003983,2025-11-05,판매비와관리비,거래처-026,17801075,박전표,False
JE-000431,2025-11-05,매출원가,거래처-012,80642,박전표,False
JE-002340,2025-11-05,판매비와관리비,거래처-024,82650,이감사,False
JE-000208,2025-11-05,매출원가,거래처-010,126810,최담당,False
JE-003040,2025-11-05,매출,거래처-028,742347,최담당,False
JE-003898,2025-11-05,매출,거래처-034,1761906,이감사,False
JE-001459,2025-11-06,매입,거래처-012,3000000,최담당,True
JE-003620,2025-11-06,미지급금,거래처-040,186090,최담당,False
JE-003121,2025-11-06,매입,거래처-032,7617239,김회계,False
JE-002504,2025-11-06,매입,거래처-036,139401,박전표,False
JE-003974,2025-11-06,매출원가,거래처-028,66450,박전표,False
JE-000967,2025-11-06,매출원가,거래처-027,1021574,이감사,False
JE-001115,2025-11-06,매입,거래처-016,3382382,김회계,False
JE-001887,2025-11-06,판매비와관리비,거래처-029,13014634,박전표,False
JE-000448,2025-11-06,매출원가,거래처-018,3492562,최담당,False
JE-001527,2025-11-06,매출,거래처-040,3656501,최담당,False
JE-002356,2025-11-06,매출,거래처-007,2002809,이감사,False
JE-002335,2025-11-07,매입,거래처-038,517622,최담당,False
JE-000868,2025-11-07,매출원가,거래처-032,58630,이감사,False
JE-001319,2025-11-07,매출,거래처-018,877024,이감사,False
JE-002385,2025-11-07,미수금,거래처-037,1546833,박전표,False
JE-000241,2025-11-07,매출,거래처-020,2442183,박전표,False
JE-000209,2025-11-07,매입,거래처-017,47346,박전표,False
JE-003772,2025-11-07,미지급금,거래처-011,6351174,김회계,False
JE-000158,2025-11-07,판매비와관리비,거래처-032,1745440,최담당,False
JE-000836,2025-11-08,매입,거래처-013,462981,박전표,False
JE-003677,2025-11-08,판매비와관리비,거래처-040,1238813,최담당,False
JE-000457,2025-11-08,매출,거래처-007,9693819,박전표,False
JE-003280,2025-11-08,판매비와관리비,거래처-035,277961,박전표,False
JE-001414,2025-11-08,판매비와관리비,거래처-033,473426,최담당,False
JE-001069,2025-11-08,매출원가,거래처-019,663665,김회계,False
JE-001536,2025-11-08,매출원가,거래처-015,3687080,박전표,False
JE-001796,2025-11-08,미수금,거래처-021,2724931,이감사,False
JE-002088,2025-11-08,미지급금,거래처-013,1329631,이감사,False
JE-004116,2025-11-08,매출원가,거래처-030,1835327,김회계,False
JE-002604,2025-11-08,미지급금,거래처-016,485351,박전표,False
JE-003204,2025-11-08,미수금,거래처-036,1208594,김회계,False
JE-000408,2025-11-08,미지급금,거래처-006,313964,이감사,False
JE-001931,2025-11-09,판매비와관리비,거래처-031,977912,이감사,False
JE-000741,2025-11-09,매출원가,거래처-015,3896949,박전표,False
JE-002954,2025-11-09,매입,거래처-027,3680859,최담당,False
JE-004073,2025-11-09,미지급금,거래처-030,7688400,김회계,False
JE-003440,2025-11-09,미수금,거래처-008,1980173,이감사,False
JE-002787,2025-11-09,미지급금,거래처-015,736852,박전표,False
JE-001522,2025-11-09,매출,거래처-016,406463,김회계,False
JE-003894,2025-11-09,미수금,거래처-019,10000000,최담당,True
JE-003914,2025-11-09,매출,거래처-019,55794890,이감사,False
JE-000065,2025-11-09,미수금,거래처-021,178085,김회계,False
JE-001453,2025-11-09,매출,거래처-005,9329196,최담당,False
JE-000265,2025-11-09,미수금,거래처-011,636818,이감사,False
JE-003535,2025-11-09,매출,거래처-018,318946,이감사,False
JE-001401,2025-11-09,매입,거래처-021,1265994,이감사,False
JE-002820,2025-11-09,판매비와관리비,거래처-017,115684,최담당,False
JE-003447,2025-11-09,매출원가,거래처-024,1308981,이감사,False
JE-002506,2025-11-09,매출원가,거래처-009,2352294,김회계,False
JE-003044,2025-11-10,미수금,거래처-010,16545424,최담당,False
JE-001692,2025-11-10,매출원가,거래처-040,1272296,박전표,False
JE-002971,2025-11-10,매입,거래처-009,7581978,박전표,False
JE-000493,2025-11-10,판매비와관리비,거래처-029,4015065,이감사,False
JE-002143,2025-11-10,판매비와관리비,거래처-023,10755272,박전표,False
JE-001446,2025-11-10,미수금,거래처-029,204565,이감사,False
JE-003826,2025-11-11,미수금,거래처-003,17995190,김회계,False
JE-002492,2025-11-11,미지급금,거래처-037,385986,이감사,False
JE-001540,2025-11-11,매출,거래처-013,7153953,이감사,False
JE-003178,2025-11-11,미수금,거래처-033,78422,최담당,False
JE-003530,2025-11-11,매입,거래처-034,14819876,최담당,False
JE-001750,2025-11-11,판매비와관리비,거래처-024,99635,이감사,False
JE-001574,2025-11-11,매출원가,거래처-016,1143229,박전표,False
JE-003319,2025-11-12,미지급금,거래처-007,11660278,이감사,False
JE-000266,2025-11-12,미수금,거래처-040,1036475,박전표,False
JE-001939,2025-11-12,매출원가,거래처-007,592687,박전표,False
JE-002841,2025-11-12,미지급금,거래처-026,773661,김회계,False
JE-002768,2025-11-12,미지급금,거래처-028,281042,박전표,False
JE-003211,2025-11-12,매출원가,거래처-031,464517,최담당,False
JE-003152,2025-11-12,매출원가,거래처-011,2943650,이감사,False
JE-002010,2025-11-12,미수금,거래처-022,746570,김회계,False
JE-001395,2025-11-12,매출,거래처-025,238401,최담당,False
JE-002544,2025-11-12,미수금,거래처-014,315516,이감사,False
JE-003968,2025-11-12,판매비와관리비,거래처-020,80604,이감사,False
JE-003256,2025-11-12,매출,거래처-022,258886,박전표,False
JE-000530,2025-11-12,매출,거래처-036,3151530,박전표,False
JE-003585,2025-11-12,매출원가,거래처-024,272153,최담당,False
JE-003789,2025-11-13,매출원가,거래처-003,483764,이감사,False
JE-000199,2025-11-13,매출원가,거래처-009,9260252,박전표,False
JE-002023,2025-11-13,매입,거래처-016,2200438,박전표,False
JE-002601,2025-11-13,미수금,거래처-024,17419,김회계,False
JE-002684,2025-11-13,판매비와관리비,거래처-039,744245,이감사,False
JE-003893,2025-11-13,미수금,거래처-008,70157,최담당,False
JE-003170,2025-11-13,미지급금,거래처-025,1822260,이감사,False
JE-000074,2025-11-13,매출,거래처-033,927390,김회계,False
JE-003509,2025-11-13,미수금,거래처-004,3663280,최담당,False
JE-003077,2025-11-13,미지급금,거래처-027,1061164,최담당,False
JE-000585,2025-11-14,미지급금,거래처-018,697479,최담당,False
JE-000985,2025-11-14,매출,거래처-029,107351,박전표,False
JE-000382,2025-11-14,미지급금,거래처-028,468495,김회계,False
JE-003966,2025-11-14,미수금,거래처-019,1304756,김회계,False
JE-002587,2025-11-14,판매비와관리비,거래처-005,905459,박전표,False
JE-003768,2025-11-14,미수금,거래처-034,56369,박전표,False
JE-001674,2025-11-15,매출,거래처-011,2276074,박전표,False
JE-002748,2025-11-15,미수금,거래처-017,1498587,이감사,False
JE-002138,2025-11-15,미지급금,거래처-034,798052,최담당,False
JE-003812,2025-11-15,매입,거래처-038,227933,최담당,False
JE-003953,2025-11-15,매출원가,거래처-030,359671,이감사,False
JE-003750,2025-11-15,매입,거래처-014,65675650,박전표,False
JE-002265,2025-11-15,미수금,거래처-013,9994700,이감사,True
JE-001507,2025-11-15,매입,거래처-030,9998998,박전표,True
JE-003190,2025-11-15,매출,거래처-016,185564,박전표,False
JE-003137,2025-11-15,매출,거래처-009,1237327,최담당,False
JE-003066,2025-11-15,미수금,거래처-018,1433547,박전표,False
JE-000696,2025-11-15,미수금,거래처-040,4521413,이감사,False
JE-001779,2025-11-15,매입,거래처-032,7662889,이감사,False
JE-003990,2025-11-15,매입,거래처-028,981484,이감사,False
JE-003840,2025-11-15,미지급금,거래처-022,257583,이감사,False
JE-001633,2025-11-16,매출원가,거래처-037,1537832,박전표,False
JE-000360,2025-11-16,미지급금,거래처-002,64627,이감사,False
JE-003071,2025-11-16,판매비와관리비,거래처-011,1847314,김회계,False
JE-001062,2025-11-16,미지급금,거래처-030,1006663,김회계,False
JE-003603,2025-11-16,매출,거래처-003,121630,최담당,False
JE-001547,2025-11-16,판매비와관리비,거래처-018,8967615,박전표,False
JE-003695,2025-11-16,미지급금,거래처-018,2015935,박전표,False
JE-003404,2025-11-16,미수금,거래처-034,1775263,박전표,False
JE-004028,2025-11-16,미수금,거래처-025,111015,박전표,False
JE-001182,2025-11-16,매출,거래처-021,9996631,최담당,True
JE-003462,2025-11-17,매출,거래처-005,229308,이감사,False
JE-000637,2025-11-17,미수금,거래처-002,882718,김회계,False
JE-000557,2025-11-17,매출원가,거래처-015,671649,김회계,False
JE-000204,2025-11-17,판매비와관리비,거래처-032,1966023,최담당,False
JE-001502,2025-11-17,미수금,거래처-040,5562,이감사,False
JE-000787,2025-11-17,미지급금,거래처-030,1115536,이감사,False
JE-000445,2025-11-17,매출원가,거래처-034,65352768,박전표,False
JE-000356,2025-11-17,매출원가,거래처-033,18210006,김회계,False
JE-002769,2025-11-18,판매비와관리비,거래처-025,230690,최담당,False
JE-000833,2025-11-18,미지급금,거래처-017,227099,이감사,False
JE-003705,2025-11-18,미지급금,거래처-015,719224,이감사,False
JE-003665,2025-11-18,미수금,거래처-024,649618,박전표,False
JE-002958,2025-11-18,매출,거래처-015,445131,최담당,False
JE-003571,2025-11-18,미지급금,거래처-034,10132,최담당,False
JE-001556,2025-11-18,미수금,거래처-014,1706504,최담당,False
JE-000820,2025-11-18,매출,거래처-038,2216573,이감사,False
JE-000118,2025-11-18,매출원가,거래처-040,30226965,박전표,False
JE-003933,2025-11-18,매입,거래처-029,11598572,이감사,False
JE-003601,2025-11-18,매출,거래처-002,5244252,최담당,False
JE-001072,2025-11-18,매출원가,거래처-004,79355,박전표,False
JE-002071,2025-11-18,판매비와관리비,거래처-006,138140,박전표,False
JE-001848,2025-11-18,매출,거래처-006,4588221,박전표,False
JE-000306,2025-11-18,판매비와관리비,거래처-020,4049432,김회계,False
JE-002750,2025-11-19,매출원가,거래처-027,740201,최담당,False
JE-001083,2025-11-19,미수금,거래처-035,44742,이감사,False
JE-002817,2025-11-19,매출,거래처-025,1003913,이감사,False
JE-000084,2025-11-19,매출,거래처-015,133271,박전표,False
JE-002655,2025-11-19,매출,거래처-004,402613,박전표,False
JE-001053,2025-11-19,미수금,거래처-016,380366,이감사,False
JE-002038,2025-11-19,매출원가,거래처-030,625675,이감사,False
JE-000347,2025-11-19,미지급금,거래처-003,21849,최담당,False
JE-004120,2025-11-19,매출원가,거래처-013,265312,김회계,False
JE-001785,2025-11-19,매입,거래처-007,427369,김회계,False
JE-000473,2025-11-19,미수금,거래처-007,1337280,최담당,False
JE-002198,2025-11-20,미지급금,거래처-007,355062,최담당,False
JE-002939,2025-11-20,매출원가,거래처-012,1405076,김회계,False
JE-003533,2025-11-20,매출원가,거래처-028,12344089,최담당,False
JE-004019,2025-11-20,매입,거래처-008,1336845,김회계,False
JE-000740,2025-11-20,판매비와관리비,거래처-026,3000000,최담당,True
JE-001857,2025-11-20,매출,거래처-017,681265,최담당,False
JE-000615,2025-11-20,매입,거래처-025,421447,박전표,False
JE-002259,2025-11-20,매출,거래처-018,1171459,최담당,False
JE-000188,2025-11-20,판매비와관리비,거래처-009,221961,최담당,False
JE-000992,2025-11-20,매출원가,거래처-020,270637,최담당,False
JE-000029,2025-11-20,매입,거래처-009,6536194,이감사,False
JE-001217,2025-11-20,미지급금,거래처-024,1048486,이감사,False
JE-002698,2025-11-20,매출원가,거래처-028,117996543,박전표,False
JE-003977,2025-11-21,판매비와관리비,거래처-034,15431,박전표,False
JE-003291,2025-11-21,미수금,거래처-022,355339,이감사,False
JE-001546,2025-11-21,매입,거래처-033,109688,김회계,False
JE-001143,2025-11-21,매출원가,거래처-037,93811,최담당,False
JE-002432,2025-11-21,매출,거래처-024,2000000,최담당,True
JE-002316,2025-11-21,매출원가,거래처-015,158103,최담당,False
JE-002068,2025-11-22,판매비와관리비,거래처-020,1097241,김회계,False
JE-000662,2025-11-22,매출원가,거래처-010,1550365,김회계,False
JE-002124,2025-11-22,매출,거래처-015,745922,박전표,False
JE-000066,2025-11-22,매출,거래처-040,526470,이감사,False
JE-002867,2025-11-22,매입,거래처-037,1003276,최담당,False
JE-001878,2025-11-23,미수금,거래처-012,9998737,최담당,True
JE-002421,2025-11-23,매출,거래처-023,61710,이감사,False
JE-002303,2025-11-23,미수금,거래처-008,228348,김회계,False
JE-002682,2025-11-23,매출,거래처-020,9882728,박전표,False
JE-002669,2025-11-23,매입,거래처-035,318301,박전표,False
JE-002573,2025-11-23,매출원가,거래처-033,1062826,박전표,False
JE-002500,2025-11-23,매출원가,거래처-040,332153,김회계,False
JE-001071,2025-11-23,판매비와관리비,거래처-027,2074419,최담당,False
JE-002250,2025-11-24,미수금,거래처-019,67720,김회계,False
JE-000468,2025-11-24,매출,거래처-013,2020893,최담당,False
JE-000743,2025-11-24,미수금,거래처-028,441951,박전표,False
JE-002936,2025-11-24,미수금,거래처-023,218682,최담당,False
JE-003591,2025-11-24,미수금,거래처-015,194049,박전표,False
JE-004118,2025-11-24,판매비와관리비,거래처-019,113690,박전표,False
JE-001171,2025-11-24,매출,거래처-024,940027,박전표,False
JE-000183,2025-11-24,매입,거래처-006,273935,김회계,False
JE-003072,2025-11-24,매입,거래처-008,542650,김회계,False
JE-001915,2025-11-24,매출,거래처-008,17138,최담당,False
JE-000677,2025-11-24,미수금,거래처-024,2436731,최담당,False
JE-001955,2025-11-24,판매비와관리비,거래처-036,110154,김회계,False
JE-000386,2025-11-24,미수금,거래처-008,253149,이감사,False
JE-003085,2025-11-24,미지급금,거래처-021,3118618,최담당,False
JE-001161,2025-11-24,매입,거래처-027,1183058,김회계,False
JE-002006,2025-11-24,매입,거래처-002,2705910,최담당,False
JE-001678,2025-11-24,미수금,거래처-023,9996356,이감사,True
JE-003638,2025-11-24,미수금,거래처-007,59056,이감사,False
JE-002940,2025-11-24,매출원가,거래처-020,501520,최담당,False
JE-000368,2025-11-24,매출,거래처-014,8776,박전표,False
JE-002675,2025-11-25,매출원가,거래처-009,94741,박전표,False
JE-000941,2025-11-25,판매비와관리비,거래처-024,10518227,김회계,False
JE-001118,2025-11-25,미수금,거래처-023,164650,김회계,False
JE-001781,2025-11-25,매입,거래처-014,1474572,최담당,False
JE-001903,2025-11-25,매출,거래처-033,9858476,박전표,False
JE-000498,2025-11-25,미지급금,거래처-038,37088,이감사,False
JE-001010,2025-11-25,미수금,거래처-034,2001245,박전표,False
JE-004025,2025-11-25,판매비와관리비,거래처-008,295073,최담당,False
JE-000011,2025-11-25,미수금,거래처-024,418398,박전표,False
JE-002288,2025-11-25,미수금,거래처-002,463675,박전표,False
JE-003790,2025-11-25,매입,거래처-007,2312779,이감사,False
JE-002215,2025-11-26,판매비와관리비,거래처-039,808244,김회계,False
JE-000631,2025-11-26,미지급금,거래처-030,2681862,박전표,False
JE-003755,2025-11-26,매입,거래처-034,1422541,최담당,False
JE-002052,2025-11-26,매출원가,거래처-023,52421187,최담당,False
JE-001042,2025-11-26,매출,거래처-021,482179,최담당,False
JE-001105,2025-11-26,미수금,거래처-019,253602,최담당,False
JE-000623,2025-11-26,매입,거래처-021,67012,김회계,False
JE-002341,2025-11-26,매출원가,거래처-033,93694,김회계,False
JE-001457,2025-11-26,매입,거래처-019,1649260,최담당,False
JE-002653,2025-11-26,매입,거래처-030,87876,김회계,False
JE-001207,2025-11-26,미지급금,거래처-014,7289378,이감사,False
JE-001404,2025-11-26,판매비와관리비,거래처-036,476707,김회계,False
JE-001909,2025-11-26,매입,거래처-004,20352,박전표,False
JE-001276,2025-11-27,매입,거래처-036,36536,박전표,False
JE-003926,2025-11-27,매출,거래처-016,547566,최담당,False
JE-003207,2025-11-27,매출,거래처-001,37251016,박전표,False
JE-001851,2025-11-27,매출원가,거래처-025,303351,김회계,False
JE-001135,2025-11-27,미지급금,거래처-017,20239948,박전표,False
JE-001089,2025-11-27,매출,거래처-024,42621,박전표,False
JE-002360,2025-11-27,미수금,거래처-016,909988,이감사,False
JE-000879,2025-11-27,미수금,거래처-032,10000000,이감사,True
JE-000768,2025-11-27,매출,거래처-012,32064,최담당,False
JE-003046,2025-11-27,판매비와관리비,거래처-014,3422246,이감사,False
JE-003846,2025-11-27,미수금,거래처-027,1860575,박전표,False
JE-000549,2025-11-28,미지급금,거래처-028,2863334,김회계,False
JE-002057,2025-11-28,미지급금,거래처-026,661043,김회계,False
JE-001740,2025-11-28,매출원가,거래처-026,9996318,이감사,True
JE-001463,2025-11-28,미수금,거래처-029,262182,박전표,False
JE-004032,2025-11-28,매출,거래처-032,633712,이감사,False
JE-000690,2025-11-28,매입,거래처-023,2399891,박전표,False
JE-003997,2025-11-28,미수금,거래처-034,2238143,이감사,False
JE-001686,2025-11-28,판매비와관리비,거래처-002,1949011,이감사,False
JE-003569,2025-11-28,미지급금,거래처-039,555821,김회계,False
JE-000260,2025-11-28,매출원가,거래처-007,1230850,이감사,False
JE-002176,2025-11-28,미지급금,거래처-026,1104902,박전표,False
JE-000911,2025-11-28,매출,거래처-027,128320,김회계,False
JE-000467,2025-11-28,매입,거래처-015,102680,이감사,False
JE-001658,2025-11-29,매출원가,거래처-012,134155,박전표,False
JE-001309,2025-11-29,매출,거래처-010,813238,박전표,False
JE-000384,2025-11-29,매출,거래처-020,2000000,김회계,True
JE-000988,2025-11-29,매출원가,거래처-013,2391057,최담당,False
JE-001735,2025-11-29,매입,거래처-033,163769,최담당,False
JE-000732,2025-11-29,매출원가,거래처-037,19820578,김회계,False
JE-001439,2025-11-29,매입,거래처-032,1055596,김회계,False
JE-003070,2025-11-29,매출,거래처-010,308259,박전표,False
JE-003764,2025-11-29,미지급금,거래처-033,2468121,박전표,False
JE-000140,2025-11-29,미수금,거래처-037,2191823,박전표,False
JE-003472,2025-11-29,매출,거래처-013,865834,박전표,False
JE-000689,2025-11-30,매출원가,거래처-010,415229,김회계,False
JE-002947,2025-11-30,매입,거래처-013,300344,박전표,False
JE-001073,2025-11-30,매출,거래처-025,10000000,박전표,True
JE-001235,2025-11-30,매출원가,거래처-026,94165,박전표,False
JE-003889,2025-11-30,매출원가,거래처-022,1679266,이감사,False
JE-000523,2025-11-30,매출원가,거래처-022,1073711,이감사,False
JE-003016,2025-11-30,미지급금,거래처-040,129071,최담당,False
JE-002527,2025-11-30,매출원가,거래처-001,332104,박전표,False
JE-000489,2025-11-30,매출원가,거래처-033,80287,이감사,False
JE-003934,2025-11-30,매출원가,거래처-033,1605954,최담당,False
JE-001526,2025-12-01,매출원가,거래처-035,858765,박전표,False
JE-003086,2025-12-01,미지급금,거래처-036,885480,박전표,False
JE-004075,2025-12-01,미지급금,거래처-015,465976,최담당,False
JE-004015,2025-12-01,미수금,거래처-038,149971,박전표,False
JE-001518,2025-12-01,매입,거래처-019,149752,최담당,False
JE-000831,2025-12-01,매출원가,거래처-009,240236,최담당,False
JE-000915,2025-12-01,매입,거래처-021,686658,김회계,False
JE-002420,2025-12-01,매출원가,거래처-013,348836,이감사,False
JE-003048,2025-12-02,판매비와관리비,거래처-036,484401,김회계,False
JE-000495,2025-12-02,매입,거래처-005,25977,이감사,False
JE-002952,2025-12-02,판매비와관리비,거래처-009,186567,박전표,False
JE-003486,2025-12-02,매출,거래처-024,2420839,박전표,False
JE-003907,2025-12-02,미지급금,거래처-026,833837,박전표,False
JE-002280,2025-12-02,미수금,거래처-023,623486,최담당,False
JE-002585,2025-12-02,미지급금,거래처-012,1489149,최담당,False
JE-001063,2025-12-02,미수금,거래처-018,128328,이감사,False
JE-001646,2025-12-02,판매비와관리비,거래처-037,30723924,최담당,False
JE-004057,2025-12-02,매출원가,거래처-022,356018,최담당,False
JE-002873,2025-12-02,매입,거래처-028,278636,최담당,False
JE-004072,2025-12-03,매출원가,거래처-003,742874,박전표,False
JE-002399,2025-12-03,판매비와관리비,거래처-001,1930950,박전표,False
JE-001780,2025-12-03,판매비와관리비,거래처-005,94400,최담당,False
JE-002638,2025-12-03,미지급금,거래처-037,146708,김회계,False
JE-001460,2025-12-03,미수금,거래처-040,84945,이감사,False
JE-001408,2025-12-03,매출,거래처-008,2045788,박전표,False
JE-000309,2025-12-03,미수금,거래처-034,1376681,박전표,False
JE-002840,2025-12-03,매입,거래처-035,5263969,김회계,False
JE-002244,2025-12-03,매출원가,거래처-020,7257823,최담당,False
JE-001604,2025-12-03,매입,거래처-008,34131,이감사,False
JE-001136,2025-12-03,미지급금,거래처-034,735655,이감사,False
JE-001632,2025-12-04,매입,거래처-033,9995548,이감사,True
JE-003403,2025-12-04,매출,거래처-016,128808,최담당,False
JE-004132,2025-12-04,미지급금,거래처-026,58189,최담당,False
JE-001102,2025-12-04,매출,거래처-031,72608,김회계,False
JE-002417,2025-12-04,매출,거래처-032,275627,이감사,False
JE-001358,2025-12-04,미수금,거래처-029,9995412,김회계,True
JE-000691,2025-12-04,미수금,거래처-023,239544,최담당,False
JE-003279,2025-12-04,미수금,거래처-011,111915,최담당,False
JE-002339,2025-12-04,미수금,거래처-036,827164,이감사,False
JE-002214,2025-12-04,매출,거래처-035,6961113,박전표,False
JE-002425,2025-12-04,매입,거래처-008,256665,박전표,False
JE-003276,2025-12-04,미지급금,거래처-019,2000000,이감사,True
JE-002509,2025-12-04,미수금,거래처-040,151565,최담당,False
JE-003218,2025-12-04,판매비와관리비,거래처-021,30497,최담당,False
JE-002480,2025-12-05,매출원가,거래처-002,15360,최담당,False
JE-003570,2025-12-05,매입,거래처-030,1068131,최담당,False
JE-001917,2025-12-05,매입,거래처-014,86064,최담당,False
JE-002786,2025-12-05,매출원가,거래처-032,818500,이감사,False
JE-002212,2025-12-05,매출,거래처-033,218459,박전표,False
JE-000388,2025-12-05,매출,거래처-019,143641,김회계,False
JE-000031,2025-12-05,매입,거래처-015,2153453,김회계,False
JE-004063,2025-12-05,매출원가,거래처-017,123282,최담당,False
JE-000944,2025-12-05,매출,거래처-015,68264,김회계,False
JE-002985,2025-12-05,미수금,거래처-003,134767,박전표,False
JE-002323,2025-12-05,미지급금,거래처-020,306174,이감사,False
JE-000558,2025-12-05,매출,거래처-014,766613,김회계,False
JE-001789,2025-12-06,매출,거래처-004,1594179,최담당,False
JE-002041,2025-12-06,매출원가,거래처-010,503986,박전표,False
JE-000172,2025-12-06,매출,거래처-029,1908345,이감사,False
JE-000622,2025-12-06,판매비와관리비,거래처-031,2203814,김회계,False
JE-002596,2025-12-06,매입,거래처-029,9041791,박전표,False
JE-000599,2025-12-06,미수금,거래처-004,34351,이감사,False
JE-000476,2025-12-06,미수금,거래처-003,1585352,최담당,False
JE-004008,2025-12-06,미지급금,거래처-011,493741,최담당,False
JE-002180,2025-12-06,판매비와관리비,거래처-016,1554928,최담당,False
JE-002196,2025-12-06,매입,거래처-037,9998899,이감사,True
JE-004110,2025-12-06,미수금,거래처-004,1972006,김회계,False
JE-000811,2025-12-06,판매비와관리비,거래처-023,1723546,이감사,False
JE-003943,2025-12-07,미지급금,거래처-002,1145487,김회계,False
JE-001845,2025-12-07,매출원가,거래처-016,1055026,이감사,False
JE-000888,2025-12-07,매입,거래처-036,294566,박전표,False
JE-001596,2025-12-07,미지급금,거래처-026,2383362,박전표,False
JE-000281,2025-12-07,미지급금,거래처-005,325679,최담당,False
JE-000812,2025-12-07,미지급금,거래처-011,33541122,박전표,False
JE-002151,2025-12-07,매출원가,거래처-017,1241774,이감사,False
JE-003831,2025-12-07,미지급금,거래처-034,500698,박전표,False
JE-002485,2025-12-07,미지급금,거래처-037,1914201,박전표,False
JE-002761,2025-12-07,미지급금,거래처-038,545812,이감사,False
JE-002935,2025-12-07,매출원가,거래처-021,462785,박전표,False
JE-000521,2025-12-07,매출,거래처-021,879552,최담당,False
JE-003019,2025-12-07,미지급금,거래처-006,3442427,김회계,False
JE-000216,2025-12-08,미지급금,거래처-019,3881749,이감사,False
JE-002061,2025-12-08,매입,거래처-021,4062108,이감사,False
JE-000752,2025-12-08,매출원가,거래처-016,486977,이감사,False
JE-000998,2025-12-08,미수금,거래처-017,1203013,최담당,False
JE-001297,2025-12-08,미지급금,거래처-032,26871,이감사,False
JE-001279,2025-12-08,판매비와관리비,거래처-040,3813500,박전표,False
JE-003193,2025-12-08,매출,거래처-023,3727385,김회계,False
JE-002081,2025-12-09,매출,거래처-020,5000000,이감사,True
JE-002479,2025-12-09,매출원가,거래처-038,958380,이감사,False
JE-002200,2025-12-09,매출,거래처-015,672826,김회계,False
JE-002599,2025-12-09,미지급금,거래처-002,102645,김회계,False
JE-000526,2025-12-09,매출,거래처-018,2058381,이감사,False
JE-001084,2025-12-09,매출원가,거래처-033,211199,박전표,False
JE-002548,2025-12-09,매출,거래처-022,3285087,박전표,False
JE-003715,2025-12-09,미지급금,거래처-015,439772,이감사,False
JE-002556,2025-12-09,매입,거래처-021,269625,박전표,False
JE-000120,2025-12-09,매출원가,거래처-022,666961,박전표,False
JE-001216,2025-12-09,판매비와관리비,거래처-039,3416997,최담당,False
JE-002125,2025-12-09,판매비와관리비,거래처-028,200894,김회계,False
JE-002183,2025-12-09,미지급금,거래처-005,11873208,박전표,False
JE-002829,2025-12-09,매입,거래처-021,608428,박전표,False
JE-003884,2025-12-09,매출원가,거래처-024,967545,이감사,False
JE-003628,2025-12-09,미지급금,거래처-008,86734,최담당,False
JE-002853,2025-12-10,매입,거래처-030,4015082,김회계,False
JE-003824,2025-12-10,판매비와관리비,거래처-018,2068770,최담당,False
JE-001798,2025-12-10,매출,거래처-034,685390,최담당,False
JE-002028,2025-12-10,매입,거래처-006,4924778,박전표,False
JE-002925,2025-12-10,판매비와관리비,거래처-001,3507337,박전표,False
JE-002350,2025-12-10,매입,거래처-040,1182514,최담당,False
JE-001490,2025-12-10,판매비와관리비,거래처-024,2577299,최담당,False
JE-001871,2025-12-10,미지급금,거래처-001,6514565,최담당,False
JE-001475,2025-12-10,매출원가,거래처-035,12066042,김회계,False
JE-000376,2025-12-10,매출,거래처-025,250361,최담당,False
JE-003786,2025-12-11,판매비와관리비,거래처-030,141599,박전표,False
JE-001925,2025-12-11,매입,거래처-020,1913987,박전표,False
JE-001935,2025-12-11,매입,거래처-026,190184,최담당,False
JE-001772,2025-12-11,미수금,거래처-003,23164,박전표,False
JE-000068,2025-12-11,매출,거래처-031,945336,이감사,False
JE-002785,2025-12-11,매입,거래처-017,56523,박전표,False
JE-003918,2025-12-11,판매비와관리비,거래처-039,405678,박전표,False
JE-002441,2025-12-11,매입,거래처-003,1154324,최담당,False
JE-002201,2025-12-11,미수금,거래처-030,3610939,최담당,False
JE-001757,2025-12-11,미지급금,거래처-004,43123,박전표,False
JE-003095,2025-12-11,매입,거래처-004,37050,이감사,False
JE-001569,2025-12-11,매입,거래처-031,9107,이감사,False
JE-003844,2025-12-11,매입,거래처-006,2883380,박전표,False
JE-000717,2025-12-11,매출원가,거래처-003,367572,최담당,False
JE-002194,2025-12-11,매입,거래처-020,2143758,박전표,False
JE-000087,2025-12-12,매출원가,거래처-016,377950,박전표,False
JE-001927,2025-12-12,미수금,거래처-031,499339,김회계,False
JE-001142,2025-12-12,판매비와관리비,거래처-008,480209,김회계,False
JE-002534,2025-12-12,미지급금,거래처-013,396020,이감사,False
JE-002969,2025-12-12,매입,거래처-038,270268,박전표,False
JE-001205,2025-12-12,매출,거래처-001,88064,이감사,False
JE-003761,2025-12-12,판매비와관리비,거래처-012,232769,이감사,False
JE-001033,2025-12-12,매입,거래처-009,1053018,박전표,False
JE-002177,2025-12-12,매입,거래처-019,2250594,최담당,False
JE-000933,2025-12-12,판매비와관리비,거래처-030,633691,김회계,False
JE-001997,2025-12-12,미지급금,거래처-012,324529,이감사,False
JE-001711,2025-12-13,미수금,거래처-021,42033,최담당,False
JE-003255,2025-12-13,미수금,거래처-027,3000000,최담당,True
JE-001956,2025-12-13,판매비와관리비,거래처-007,96445,박전표,False
JE-001227,2025-12-13,미지급금,거래처-013,35014,이감사,False
JE-004138,2025-12-13,매출,거래처-004,427371,최담당,False
JE-003581,2025-12-13,매출,거래처-020,9995021,최담당,True
JE-002535,2025-12-13,미수금,거래처-026,1464074,박전표,False
JE-001190,2025-12-13,미지급금,거래처-025,14724,박전표,False
JE-002392,2025-12-13,매입,거래처-011,453288,최담당,False
JE-001402,2025-12-13,매출원가,거래처-021,1522464,김회계,False
JE-001095,2025-12-13,매입,거래처-022,558447,김회계,False
JE-003096,2025-12-13,판매비와관리비,거래처-028,12045914,이감사,False
JE-002409,2025-12-13,판매비와관리비,거래처-032,492474,박전표,False
JE-002394,2025-12-13,매입,거래처-031,207467,박전표,False
JE-003611,2025-12-13,매출원가,거래처-033,131305,최담당,False
JE-003027,2025-12-13,미지급금,거래처-012,151788,박전표,False
JE-003554,2025-12-14,매출,거래처-016,839650,이감사,False
JE-003101,2025-12-14,매출원가,거래처-004,569636,박전표,False
JE-002772,2025-12-14,미지급금,거래처-021,51103,박전표,False
JE-000432,2025-12-14,매출원가,거래처-031,9226646,김회계,False
JE-001951,2025-12-14,매출원가,거래처-022,1445506,이감사,False
JE-000881,2025-12-14,매출,거래처-035,2638539,이감사,False
JE-002865,2025-12-14,매출,거래처-026,688782,최담당,False
JE-003008,2025-12-14,매입,거래처-033,5952015,박전표,False
JE-000657,2025-12-14,매입,거래처-019,600256,최담당,False
JE-003410,2025-12-14,매입,거래처-030,29566,최담당,False
JE-003492,2025-12-14,판매비와관리비,거래처-039,2125083,김회계,False
JE-002056,2025-12-14,매출,거래처-014,101144,박전표,False
JE-001499,2025-12-14,매입,거래처-031,247213,김회계,False
JE-001766,2025-12-14,매입,거래처-031,156054,김회계,False
JE-002166,2025-12-14,미지급금,거래처-034,8019600,최담당,False
JE-000267,2025-12-15,판매비와관리비,거래처-036,386168,김회계,False
JE-003748,2025-12-15,미지급금,거래처-028,451128,이감사,False
JE-001338,2025-12-15,매입,거래처-026,8692411,박전표,False
JE-001761,2025-12-15,매출,거래처-037,2138003,이감사,False
JE-000197,2025-12-15,매출원가,거래처-039,336898,최담당,False
JE-000343,2025-12-15,매출,거래처-021,233342,이감사,False
JE-000861,2025-12-15,매출원가,거래처-008,4373331,김회계,False
JE-003182,2025-12-15,미수금,거래처-023,400414,이감사,False
JE-000424,2025-12-15,미수금,거래처-014,104253,김회계,False
JE-003076,2025-12-15,매출,거래처-035,607043,김회계,False
JE-001208,2025-12-15,매출,거래처-029,2000000,박전표,True
JE-000111,2025-12-15,매입,거래처-030,32156,박전표,False
JE-000164,2025-12-15,판매비와관리비,거래처-031,88187,최담당,False
JE-000684,2025-12-15,매출원가,거래처-020,842603,박전표,False
JE-001702,2025-12-15,미지급금,거래처-022,110310,최담당,False
JE-000707,2025-12-16,미수금,거래처-029,1994839,이감사,False
JE-001749,2025-12-16,매입,거래처-022,90861,박전표,False
JE-001907,2025-12-16,미수금,거래처-027,62503,최담당,False
JE-003823,2025-12-16,판매비와관리비,거래처-030,520683,김회계,False
JE-000173,2025-12-16,미지급금,거래처-023,2845865,이감사,False
JE-003667,2025-12-16,미수금,거래처-018,751203,이감사,False
JE-003517,2025-12-16,미수금,거래처-019,4136408,최담당,False
JE-000742,2025-12-16,판매비와관리비,거래처-032,5604697,이감사,False
JE-003607,2025-12-16,매입,거래처-020,15871260,박전표,False
JE-002435,2025-12-16,매입,거래처-021,1644466,김회계,False
JE-000706,2025-12-17,판매비와관리비,거래처-010,2776227,최담당,False
JE-000765,2025-12-17,매입,거래처-009,667487,최담당,False
JE-001023,2025-12-17,미지급금,거래처-034,431802,이감사,False
JE-003420,2025-12-17,판매비와관리비,거래처-025,5404595,박전표,False
JE-002616,2025-12-17,매입,거래처-033,2826457,이감사,False
JE-002371,2025-12-17,매출원가,거래처-040,2119130,김회계,False
JE-000412,2025-12-17,미수금,거래처-014,236221,최담당,False
JE-002314,2025-12-17,매출,거래처-012,95324,최담당,False
JE-003819,2025-12-17,매입,거래처-026,8633143,박전표,False
JE-002979,2025-12-17,매출,거래처-029,9179902,이감사,False
JE-001352,2025-12-17,매출원가,거래처-035,6112276,김회계,False
JE-003668,2025-12-18,매출,거래처-013,299098,이감사,False
JE-003896,2025-12-18,판매비와관리비,거래처-008,88197,김회계,False
JE-000041,2025-12-18,미지급금,거래처-026,1473610,최담당,False
JE-001122,2025-12-18,판매비와관리비,거래처-036,3000000,이감사,True
JE-003579,2025-12-18,매입,거래처-031,43899,이감사,False
JE-003130,2025-12-18,매입,거래처-030,839522,김회계,False
JE-002809,2025-12-18,판매비와관리비,거래처-012,1042287,박전표,False
JE-002009,2025-12-18,미수금,거래처-014,1305266,김회계,False
JE-001307,2025-12-18,매출원가,거래처-008,105173,박전표,False
JE-003807,2025-12-18,미지급금,거래처-032,1779995,최담당,False
JE-000043,2025-12-18,판매비와관리비,거래처-025,7492,이감사,False
JE-001523,2025-12-19,매출,거래처-026,692484,최담당,False
JE-003164,2025-12-19,매입,거래처-006,672048,최담당,False
JE-001973,2025-12-19,미수금,거래처-001,306455,이감사,False
JE-002483,2025-12-19,미수금,거래처-039,948762,최담당,False
JE-002799,2025-12-19,판매비와관리비,거래처-010,533062,최담당,False
JE-002293,2025-12-19,미수금,거래처-019,8833890,김회계,False
JE-000965,2025-12-19,매출,거래처-014,255154,이감사,False
JE-003859,2025-12-20,매입,거래처-029,506650,박전표,False
JE-003495,2025-12-20,미수금,거래처-037,4141047,박전표,False
JE-002856,2025-12-20,미지급금,거래처-006,2902379,이감사,False
JE-000626,2025-12-20,매출,거래처-040,2874923,이감사,False
JE-000605,2025-12-20,판매비와관리비,거래처-007,23968,최담당,False
JE-001852,2025-12-20,매출,거래처-030,168168,이감사,False
JE-000598,2025-12-20,매출,거래처-001,197187,김회계,False
JE-002997,2025-12-20,매입,거래처-006,1551079,이감사,False
JE-000484,2025-12-20,미지급금,거래처-026,4135936,김회계,False
JE-001552,2025-12-20,매입,거래처-031,190896,최담당,False
JE-003676,2025-12-20,판매비와관리비,거래처-036,817161,이감사,False
JE-001613,2025-12-20,미수금,거래처-021,1226672,김회계,False
JE-003242,2025-12-20,매출,거래처-011,481479,박전표,False
JE-002302,2025-12-20,매출,거래처-040,19706854,이감사,False
JE-002592,2025-12-21,판매비와관리비,거래처-007,562149,최담당,False
JE-002324,2025-12-21,매출,거래처-006,1010356,김회계,False
JE-001570,2025-12-21,매입,거래처-018,3268374,박전표,False
JE-001250,2025-12-21,매출원가,거래처-020,343938,이감사,False
JE-003558,2025-12-21,매출원가,거래처-033,85698,김회계,False
JE-001709,2025-12-21,매입,거래처-014,59439,최담당,False
JE-003038,2025-12-21,매입,거래처-008,3386626,박전표,False
JE-003782,2025-12-21,판매비와관리비,거래처-002,269556,박전표,False
JE-002571,2025-12-21,미수금,거래처-006,2064500,최담당,False
JE-000587,2025-12-21,판매비와관리비,거래처-015,321484,김회계,False
JE-003018,2025-12-22,미수금,거래처-039,108247,박전표,False
JE-001919,2025-12-22,미수금,거래처-033,7754857,김회계,False
JE-002859,2025-12-22,매출,거래처-007,155746,김회계,False
JE-001311,2025-12-22,판매비와관리비,거래처-004,1609269,김회계,False
JE-000202,2025-12-22,매입,거래처-036,1448458,이감사,False
JE-001832,2025-12-22,미지급금,거래처-005,2149983,박전표,False
JE-000307,2025-12-22,미수금,거래처-002,337199,이감사,False
JE-000212,2025-12-22,미수금,거래처-031,388551,김회계,False
JE-000450,2025-12-22,미지급금,거래처-015,68618,이감사,False
JE-003039,2025-12-22,미지급금,거래처-012,98915,김회계,False
JE-003981,2025-12-22,판매비와관리비,거래처-012,623115,이감사,False
JE-002725,2025-12-22,판매비와관리비,거래처-012,17115816,이감사,False
JE-002210,2025-12-22,판매비와관리비,거래처-036,11593049,김회계,False
JE-003949,2025-12-22,매출원가,거래처-021,742904,박전표,False
JE-002263,2025-12-22,판매비와관리비,거래처-016,866359,박전표,False
JE-002375,2025-12-22,미지급금,거래처-022,331227,김회계,False
JE-002497,2025-12-22,판매비와관리비,거래처-020,9743515,김회계,False
JE-002096,2025-12-22,매출,거래처-006,2125395,김회계,False
JE-001589,2025-12-22,미지급금,거래처-021,1795102,최담당,False
JE-001258,2025-12-23,매입,거래처-037,1392103,김회계,False
JE-002047,2025-12-23,매출,거래처-011,148607,최담당,False
JE-003651,2025-12-23,매출원가,거래처-022,29599,박전표,False
JE-003922,2025-12-23,매출,거래처-024,2494917,이감사,False
JE-001489,2025-12-23,판매비와관리비,거래처-040,9997964,이감사,True
JE-003704,2025-12-23,미지급금,거래처-021,1023333,김회계,False
JE-002762,2025-12-23,매출원가,거래처-038,1061339,박전표,False
JE-001091,2025-12-23,미지급금,거래처-040,201756,김회계,False
JE-003927,2025-12-23,매출원가,거래처-009,1651398,박전표,False
JE-001039,2025-12-23,판매비와관리비,거래처-011,285012,이감사,False
JE-002287,2025-12-23,매출원가,거래처-022,447774,이감사,False
JE-000378,2025-12-24,미지급금,거래처-006,74759,이감사,False
JE-002091,2025-12-24,판매비와관리비,거래처-028,365805,이감사,False
JE-002109,2025-12-24,매입,거래처-036,1367540,이감사,False
JE-003874,2025-12-24,매입,거래처-014,486817,이감사,False
JE-003257,2025-12-24,판매비와관리비,거래처-005,927036,이감사,False
JE-000374,2025-12-24,판매비와관리비,거래처-040,5832493,박전표,False
JE-000308,2025-12-24,미지급금,거래처-017,896089,김회계,False
JE-000130,2025-12-24,매입,거래처-026,42619,이감사,False
JE-000053,2025-12-24,미지급금,거래처-030,425185,최담당,False
JE-002486,2025-12-24,미수금,거래처-036,1410077,이감사,False
JE-001783,2025-12-24,매출원가,거래처-018,3157983,박전표,False
JE-000052,2025-12-24,매입,거래처-036,565907,최담당,False
JE-001248,2025-12-24,매출,거래처-028,1223142,박전표,False
JE-002334,2025-12-25,매출,거래처-035,766406,최담당,False
JE-003144,2025-12-25,미수금,거래처-028,4328560,이감사,False
JE-000359,2025-12-25,매출원가,거래처-006,227959,김회계,False
JE-002749,2025-12-25,미지급금,거래처-004,470746,박전표,False
JE-001082,2025-12-25,미수금,거래처-035,1196638,최담당,False
JE-002683,2025-12-25,매출원가,거래처-030,7563758,최담당,False
JE-002246,2025-12-25,판매비와관리비,거래처-038,1938358,최담당,False
JE-000042,2025-12-25,판매비와관리비,거래처-007,120036,박전표,False
JE-001103,2025-12-25,미지급금,거래처-003,3000000,이감사,True
JE-002532,2025-12-25,미수금,거래처-032,813142,김회계,False
JE-002355,2025-12-25,미수금,거래처-021,222285,김회계,False
JE-000166,2025-12-25,판매비와관리비,거래처-035,1878742,이감사,False
JE-000960,2025-12-26,판매비와관리비,거래처-031,35177479,김회계,False
JE-000010,2025-12-26,판매비와관리비,거래처-034,130554,최담당,False
JE-002424,2025-12-26,매입,거래처-015,2242554,최담당,False
JE-000543,2025-12-26,미지급금,거래처-002,12944108,박전표,False
JE-001530,2025-12-26,미수금,거래처-031,2031616,박전표,False
JE-000218,2025-12-26,매출원가,거래처-028,52261,이감사,False
JE-001773,2025-12-26,미지급금,거래처-005,1736726,이감사,False
JE-003297,2025-12-26,미지급금,거래처-003,6445,김회계,False
JE-003487,2025-12-26,매출원가,거래처-034,56852,김회계,False
JE-001155,2025-12-26,판매비와관리비,거래처-005,3608989,이감사,False
JE-001163,2025-12-26,판매비와관리비,거래처-027,634932,김회계,False
JE-002101,2025-12-26,미수금,거래처-003,1558938,박전표,False
JE-001200,2025-12-27,매출원가,거래처-020,334576,이감사,False
JE-002580,2025-12-27,미지급금,거래처-026,1910801,최담당,False
JE-003159,2025-12-27,매출,거래처-006,5075980,이감사,False
JE-000443,2025-12-27,미수금,거래처-028,430850,박전표,False
JE-002852,2025-12-27,매출원가,거래처-013,1086307,이감사,False
JE-000058,2025-12-27,매입,거래처-036,4282562,김회계,False
JE-000894,2025-12-27,매출원가,거래처-021,511163,이감사,False
JE-000411,2025-12-27,매출,거래처-012,1362523,김회계,False
JE-001601,2025-12-27,미지급금,거래처-005,5716959,김회계,False
JE-001275,2025-12-28,매출,거래처-019,1631284,최담당,False
JE-002139,2025-12-28,미지급금,거래처-033,17808,박전표,False
JE-003235,2025-12-28,판매비와관리비,거래처-006,766056,이감사,False
JE-001694,2025-12-28,미수금,거래처-014,3000000,이감사,True
JE-003405,2025-12-28,매출원가,거래처-032,2602262,박전표,False
JE-002111,2025-12-28,매입,거래처-025,283472,최담당,False
JE-001356,2025-12-28,매출원가,거래처-009,327358,박전표,False
JE-001266,2025-12-29,미수금,거래처-005,794551,이감사,False
JE-003390,2025-12-29,매출,거래처-020,4155434,이감사,False
JE-000272,2025-12-29,매출원가,거래처-039,135315,이감사,False
JE-000805,2025-12-29,판매비와관리비,거래처-014,766566,이감사,False
JE-003277,2025-12-29,매입,거래처-002,449045,최담당,False
JE-004049,2025-12-29,매출,거래처-001,7778229,박전표,False
JE-001293,2025-12-29,미수금,거래처-032,347984,최담당,False
JE-000107,2025-12-29,판매비와관리비,거래처-029,87358,최담당,False
JE-002362,2025-12-29,판매비와관리비,거래처-027,225253,최담당,False
JE-003995,2025-12-29,매출,거래처-007,1121594,최담당,False
JE-002552,2025-12-29,미지급금,거래처-018,548794,박전표,False
JE-003575,2025-12-29,판매비와관리비,거래처-025,1387201,최담당,False
JE-003600,2025-12-29,미지급금,거래처-033,797712,최담당,False
JE-001313,2025-12-30,매입,거래처-006,956617,최담당,False
JE-000324,2025-12-30,매입,거래처-005,194290,이감사,False
JE-000824,2025-12-30,매출원가,거래처-025,646136,김회계,False
JE-001952,2025-12-30,미수금,거래처-022,1617960,박전표,False
JE-002437,2025-12-30,판매비와관리비,거래처-031,14356424,김회계,False
JE-003572,2025-12-30,미지급금,거래처-006,1777266,김회계,False
JE-004067,2025-12-30,매출원가,거래처-036,221072,최담당,False
JE-001696,2025-12-31,판매비와관리비,거래처-025,224575,김회계,False
JE-000935,2025-12-31,매출원가,거래처-004,2425117,박전표,False
JE-000257,2025-12-31,미수금,거래처-039,199865,박전표,False
JE-001127,2025-12-31,매출원가,거래처-033,1000000,박전표,True
JE-000810,2025-12-31,미지급금,거래처-023,31011,최담당,False
JE-000749,2025-12-31,매출,거래처-012,4001430,최담당,False
JE-002988,2025-12-31,미지급금,거래처-009,271336,이감사,False
JE-000362,2025-12-31,판매비와관리비,거래처-030,512446,이감사,False
JE-000203,2025-12-31,매출,거래처-015,77124,박전표,False
JE-001153,2025-12-31,매출,거래처-035,343412,박전표,False
